czone,cty_fips,cty_pop,cty_labf
11101,1001,34222,16729
11001,1003,98280,45624
10301,1005,25417,11186
10801,1007,16576,7199
10700,1009,39248,18538
9800,1011,11042,4090
11101,1013,21892,8783
9600,1015,116034,55865
9600,1017,36876,17595
6600,1019,19543,9137
10700,1021,32458,14549
10802,1023,16018,6424
11001,1025,27240,11170
9500,1027,13252,6127
9600,1029,12730,6104
10302,1031,40240,19691
6200,1033,51666,23798
11002,1035,14054,5785
9500,1037,11063,4871
11102,1039,36478,16283
11102,1041,13635,6051
10700,1043,67613,31837
10302,1045,49633,25468
10801,1047,48130,18828
6100,1049,54651,26121
11101,1051,49210,22224
11002,1053,35518,14940
6100,1055,99840,44211
10600,1057,17962,8156
6200,1059,27814,12409
10302,1061,23647,10960
10802,1063,10153,3642
10801,1065,15498,5865
10302,1067,15374,6922
10302,1069,81331,40180
6100,1071,47796,22925
10700,1073,651525,31122
10600,1075,15715,7418
6200,1077,79661,36909
6000,1079,31513,14638
9800,1081,87146,43256
6000,1083,54135,26057
11101,1085,12658,4788
9800,1087,24928,9971
6000,1089,238912,13015
10802,1091,23084,9528
10600,1093,29830,13540
6100,1095,70832,34003
11001,1097,378643,17160
11002,1099,23968,10330
11101,1101,209085,10319
6000,1103,100043,49040
10801,1105,12759,4608
10501,1107,20699,8405
11102,1109,27595,12582
9600,1111,19881,9155
9701,1113,46860,22023
10700,1115,50009,22946
10700,1117,99358,52122
10802,1119,16174,5964
9500,1121,74107,32687
9500,1123,38826,18603
10801,1125,150522,70347
10600,1127,67670,28780
11001,1129,16694,6689
11001,1131,13568,4298
10600,1133,22053,10201
34101,2013,2464,1452
34114,2016,9478,7011
34102,2020,226338,13028
34112,2050,13656,4831
34104,2060,1410,811
34107,2070,4012,1393
34115,2090,77720,42729
34109,2100,2117,1121
34109,2110,26751,15405
34102,2122,40802,19220
34111,2130,13828,7659
34108,2150,13309,7564
34107,2164,1668,535
34102,2170,39683,17971
34106,2180,8288,3292
34113,2185,5979,2964
34105,2188,6113,2130
34111,2201,6278,3077
34110,2220,8588,4841
34109,2231,4385,2344
34115,2240,5913,2767
34103,2261,9952,5399
34112,2270,5791,1879
34110,2280,7042,3651
34115,2290,8478,3624
35500,4001,61591,18383
35100,4003,97624,43156
35401,4005,96591,46250
35001,4007,40216,15231
35002,4009,26554,8829
35002,4011,8008,3098
38300,4012,13844,5646
35001,4013,2122101,10794
37901,4015,93497,39590
35500,4017,77658,27066
35100,4019,666880,32020
35001,4021,116379,44467
35100,4023,29676,12638
35401,4025,107714,43050
38100,4027,106895,46465
4301,5001,21653,9869
4101,5003,24319,10545
25101,5005,31186,11460
30300,5007,97499,46052
25103,5009,28297,13203
4102,5011,11793,4867
4103,5013,5826,2543
25103,5015,18654,8840
4102,5017,15713,5823
34001,5019,21437,9597
25900,5021,18107,7756
25104,5023,19411,8195
4102,5025,7781,3333
4001,5027,25691,11271
4200,5029,19151,8422
25900,5031,68956,34662
30100,5033,42493,19341
5300,5035,49939,22185
5300,5037,19225,8162
4103,5039,9614,4037
4102,5041,16798,6553
4102,5043,17369,8059
4200,5045,60006,30027
30000,5047,14897,6633
25102,5049,10037,3879
34001,5051,73397,31181
4200,5053,13948,6640
25900,5055,31804,14971
34001,5057,21621,9568
34001,5059,26115,11284
34001,5061,13569,6263
25105,5063,31192,14629
25105,5065,11364,4313
4302,5067,18944,7939
4102,5069,85487,37160
30000,5071,18221,7845
4001,5073,9643,3720
25900,5075,17457,7301
5300,5077,13053,4540
4102,5079,13690,4406
33500,5081,13966,6446
30000,5083,20557,8870
4200,5085,39268,19041
30300,5087,11618,5316
25101,5089,12001,4706
33500,5091,38467,16761
25800,5093,57525,25938
4301,5095,11333,4263
34001,5097,7841,3263
34001,5099,10101,4211
25103,5101,7666,2893
4103,5103,30574,13344
4200,5105,7969,3552
5300,5107,28838,10323
34001,5109,10086,4312
25900,5111,24664,10821
34002,5113,17347,7241
30000,5115,45883,21858
4301,5117,9518,4175
4200,5119,349660,18105
25900,5121,16558,6858
5300,5123,28497,11174
4200,5125,64183,31566
30100,5127,10205,4492
25103,5129,7841,3092
30100,5131,99590,49524
34002,5133,13637,6307
25105,5135,14109,4905
25104,5137,9775,4139
4103,5139,46719,19943
25104,5141,14008,5190
30300,5143,113409,58029
4302,5145,54676,24723
4302,5147,9520,3749
30000,5149,17759,8000
37800,6001,1279182,68951
37400,6003,1113,591
37400,6005,30039,11281
37300,6007,182120,78440
37400,6009,31998,13023
37300,6011,16275,7259
37800,6013,803732,43074
36901,6015,23460,8844
37400,6017,125995,62301
37200,6019,667490,29905
37300,6021,24798,10972
36700,6023,119118,56345
38100,6025,109303,43046
37903,6027,18281,8317
37100,6029,543477,24153
37200,6031,101469,41607
37700,6033,50631,18770
36501,6035,27598,10163
38300,6037,8863164,45573
37200,6039,88090,37775
37800,6041,230096,13201
37000,6043,14302,6329
37700,6045,80345,37953
37000,6047,178403,78257
36501,6049,9678,3982
37903,6051,9956,6161
37500,6053,355660,18231
37800,6055,110765,54943
37400,6057,78510,35440
38300,6059,2410556,13700
37400,6061,172796,87450
37603,6063,19739,8488
38300,6065,1170413,53116
37400,6067,1041219,52484
37500,6069,36697,18412
38300,6071,1418380,66144
38000,6073,2498016,13307
37800,6075,723959,41714
37400,6077,480628,21496
38200,6079,217162,10312
37800,6081,649623,36910
38200,6083,369608,19442
37500,6085,1497577,85234
37500,6087,229734,12472
36600,6089,147036,64256
37603,6091,3318,1478
36501,6093,43531,18221
37800,6095,340421,17247
37700,6097,388222,20406
37000,6099,370522,16813
37300,6101,64415,29636
36600,6103,49625,19958
36700,6105,13063,4951
37200,6107,311921,13347
37000,6109,48456,19072
38300,6111,669016,35912
37400,6113,141092,71545
37300,6115,58228,23712
28900,8001,265038,14327
34805,8003,13617,6653
28900,8005,391511,22457
35300,8007,5345,2425
28501,8009,4556,1952
28502,8011,5048,1853
28900,8013,225339,13092
28701,8015,12684,5346
28504,8017,2397,1142
28900,8019,7619,4493
34805,8021,7453,2890
34805,8023,3190,1171
28502,8025,3946,1143
28401,8027,1926,826
35201,8029,20980,8140
28900,8031,467610,25308
35402,8033,1504,657
28900,8035,60391,34132
28702,8037,21928,14249
28900,8039,9646,5134
28401,8041,397014,21505
28401,8043,32273,12291
28702,8045,29974,16025
28900,8047,3070,1804
28703,8049,7966,4833
35202,8051,10273,5940
35202,8053,467,288
28503,8055,6009,2322
28704,8057,1605,857
28900,8059,438430,25253
28504,8061,1688,767
28504,8063,7140,3424
28702,8065,6007,3240
35300,8067,32284,16628
28800,8069,186136,99533
28503,8071,13765,5514
28402,8073,4529,2194
28301,8075,17567,8884
35201,8077,93145,44362
34805,8079,558,267
36401,8081,11357,5722
35402,8083,18672,8361
35201,8085,24423,11182
28800,8087,21939,10400
28502,8089,20185,8517
35201,8091,2295,1147
28900,8093,7174,3744
28301,8095,4189,1899
28702,8097,12661,8869
28502,8099,13347,6271
28502,8101,123051,52310
36401,8103,5972,2982
34805,8105,10770,4673
36401,8107,14088,8881
34805,8109,4619,2026
35300,8111,745,393
35201,8113,3653,2413
28302,8115,2690,1292
28702,8117,12881,9173
28401,8119,12468,6701
28301,8121,4812,2255
28800,8123,131821,66936
28301,8125,8954,4144
20901,9001,827645,45537
20901,9003,851783,46618
20901,9005,174092,98446
20901,9007,143196,82474
20901,9009,804219,43310
20901,9011,254957,14096
20901,9013,128699,73679
20901,9015,102525,54224
19901,10001,110993,58160
19800,10003,441946,24116
19901,10005,113229,55152
11304,11001,606900,33351
7900,12001,181596,91257
7600,12003,18486,7800
10000,12005,126994,62308
7900,12007,22515,8809
7300,12009,398978,19849
7000,12011,1255488,63413
9900,12013,11011,4123
6900,12015,110975,40355
7800,12017,93515,32094
7600,12019,105986,55199
7200,12021,152099,71325
7700,12023,42613,19136
7000,12025,1937094,98219
6900,12027,23865,9357
7900,12029,10585,3667
7600,12031,672971,35836
10900,12033,262798,12763
7500,12035,28701,11280
10000,12037,8967,3644
9900,12039,41105,17570
7900,12041,9667,3836
7100,12043,7591,3025
10000,12045,11504,4859
7700,12047,10930,4171
6800,12049,19499,8480
7100,12051,25773,11909
6700,12053,101115,34324
6800,12055,68432,23856
6700,12057,834054,44234
9900,12059,15778,6596
7300,12061,90208,37785
9900,12063,41375,17417
9900,12065,11296,5004
7700,12067,5578,2223
7400,12069,152104,61591
7200,12071,335113,15141
9900,12073,192493,10837
7900,12075,25923,10328
9900,12077,5569,2097
7700,12079,16569,6590
6900,12081,211707,92220
7800,12083,194833,80415
7100,12085,100900,43234
7000,12087,78024,43296
7600,12089,43941,21732
10900,12091,143776,75481
7100,12093,29627,12803
7400,12095,677491,38110
7400,12097,107728,55154
7100,12099,863518,40886
6700,12101,281131,10425
6700,12103,851659,40209
6800,12105,405382,18526
7500,12107,65070,25457
7600,12109,83829,41556
7100,12111,150171,66265
10900,12113,81608,40146
6900,12115,277776,11883
7400,12117,287529,15946
7400,12119,31577,11870
7700,12121,26780,11176
7700,12123,17111,7438
7900,12125,10252,3517
7500,12127,370712,16586
9900,12129,14202,7389
10900,12131,27760,12453
9900,12133,16919,6829
9001,13001,15744,6973
8601,13003,6213,2738
8601,13005,9566,4372
10200,13007,3615,1640
9002,13009,39530,17138
9400,13011,10308,5299
9301,13013,29721,14720
6600,13015,55911,29330
8501,13017,16245,7126
8503,13019,14153,7030
8900,13021,149967,71076
8900,13023,10430,4927
8602,13025,11077,4803
8503,13027,15398,6616
8800,13029,15438,7229
8702,13031,43125,20177
8401,13033,20579,8624
9200,13035,15326,6546
10301,13037,5013,2041
7600,13039,30167,16759
8702,13043,7744,3470
9600,13045,71422,36172
6401,13047,42464,21433
7600,13049,8496,3722
8800,13051,216935,10563
9701,13053,16934,10418
6600,13055,22242,10597
9100,13057,90204,50361
9301,13059,87594,44123
10301,13061,3364,1368
9100,13063,182052,10364
8601,13065,6160,2662
9100,13067,447745,26550
8601,13069,29592,14191
8503,13071,36645,17342
8401,13073,66031,34784
8503,13075,13456,6321
9600,13077,53853,27142
8900,13079,8991,4456
8502,13081,20011,8579
6401,13083,13147,6275
9100,13085,9429,4955
10101,13087,25511,11159
9100,13089,545837,31884
9001,13091,17607,7546
8502,13093,9901,4105
10200,13095,96311,44571
9100,13097,71120,39501
10301,13099,11854,5108
8503,13101,2334,1034
8800,13103,25687,12268
9302,13105,18949,8679
8702,13107,20546,8770
8701,13109,8724,3909
6501,13111,15992,6882
9100,13113,62415,33162
6600,13115,81251,40650
9100,13117,44083,24229
9302,13119,16650,8000
9100,13121,648951,34495
6501,13123,13368,6409
8401,13125,2357,1096
8602,13127,62496,30964
6600,13129,35072,18505
10102,13131,20279,9337
8402,13133,11793,5267
9100,13135,352910,21029
9400,13137,27621,13855
9400,13139,95428,51340
9002,13141,8908,3734
9600,13143,21966,10286
9701,13145,17788,8713
9302,13147,19712,9499
9600,13149,8628,3926
9100,13151,58741,31649
8900,13153,89208,47007
8501,13155,8649,3956
9400,13157,30005,15193
9100,13159,8453,3960
9001,13161,12032,5828
8401,13163,17408,7370
8702,13165,8247,3626
9003,13167,8329,3666
8900,13169,20739,10805
9200,13171,13038,6237
8503,13173,5531,2576
9003,13175,39988,18746
10200,13177,16250,7762
8701,13179,52745,29028
8402,13181,7442,3337
8701,13183,6202,2928
8503,13185,75981,37565
9400,13187,14573,7352
8401,13189,20119,9495
8602,13191,8634,3821
9702,13193,13114,5697
9301,13195,21050,11037
9702,13197,5590,2344
9701,13199,22411,9769
10101,13201,6280,2689
10200,13205,20275,8884
8900,13207,17113,8242
9001,13209,7163,3278
9100,13211,12883,6264
6600,13213,26147,13765
9701,13215,179278,89347
9100,13217,41808,20617
9301,13219,17618,9368
9301,13221,9763,4987
9100,13223,41611,21816
8900,13225,21189,9760
9100,13227,14432,7376
8601,13229,13328,6198
9200,13231,10224,4830
6600,13233,33815,15660
8900,13235,8108,3736
9002,13237,14137,6935
10301,13239,2209,921
1201,13241,11648,5819
10301,13243,8023,3141
8401,13245,189719,94344
9100,13247,54091,29626
9702,13249,3588,1653
8702,13251,13842,6036
10101,13253,9010,4240
9200,13255,54457,26836
9302,13257,23257,11689
9702,13259,5654,2247
9702,13261,30228,13563
9701,13263,6524,2992
8402,13265,1915,803
8701,13267,17722,7120
8900,13269,7642,3250
9001,13271,11000,4680
10200,13273,10653,4616
10102,13275,38986,18099
8503,13277,34998,17309
9001,13279,24072,10848
1204,13281,6754,2751
9001,13283,5994,2644
9600,13285,55536,26843
8503,13287,8703,3632
8900,13289,9806,4161
1204,13291,11993,5226
9200,13293,26300,12707
6401,13295,58340,28158
9100,13297,38586,19055
8601,13299,35471,14777
8401,13301,6078,2661
9003,13303,19112,8715
8701,13305,22356,9922
9702,13307,2263,1000
9001,13309,4903,2053
9400,13311,13006,6686
6600,13313,72462,39636
8502,13315,7008,2878
8402,13317,10597,4870
9002,13319,10228,4735
10200,13321,19745,9149
35600,15001,120317,57129
34701,15003,836231,46357
34703,15005,130,41
34702,15007,51177,26437
34703,15009,100374,55169
35801,16001,205775,10962
35803,16003,3254,1499
36301,16005,66026,31092
36403,16007,6084,2341
38601,16009,7937,3485
36301,16011,37583,16122
35701,16013,13552,8080
35801,16015,3509,1592
38601,16017,26622,11510
36301,16019,72207,34714
34501,16021,8332,3437
36301,16023,2918,1233
35701,16025,727,350
35801,16027,90076,41734
36403,16029,6963,2821
35702,16031,19532,8440
36301,16033,762,424
38401,16035,8505,3715
36302,16037,4133,1963
35801,16039,21205,10767
36200,16041,9232,3670
36301,16043,10937,4655
35801,16045,11844,5135
35701,16047,11633,5255
38401,16049,13783,5973
36301,16051,16543,6854
35701,16053,15138,7112
38601,16055,69795,33500
38402,16057,30617,15055
36302,16059,6899,3004
38401,16061,3516,1434
35701,16063,3308,1667
36301,16065,23674,9247
35702,16067,19361,8849
38401,16069,33754,16525
36200,16071,3492,1419
35801,16073,8392,3838
35802,16075,16434,7346
36301,16077,7086,3301
38601,16079,13931,6005
36303,16081,3439,1654
35701,16083,53580,25462
35803,16085,6109,2862
35802,16087,8550,3523
25000,17001,66090,31891
25601,17003,10626,3913
24900,17005,14991,7121
24400,17007,30806,16121
24801,17009,5836,2294
23900,17011,35688,17216
24900,17013,5322,2145
24400,17015,16805,8168
24801,17017,13437,6407
23500,17019,173025,95044
24802,17021,34418,16025
23301,17023,15921,7612
23302,17025,14460,6446
25500,17027,33944,16193
23301,17029,51644,25618
24300,17031,5105067,26299
23302,17033,19464,8862
23301,17035,10670,5071
24400,17037,77932,41818
23400,17039,16516,8004
23500,17041,19464,9495
24300,17043,781666,44696
23301,17045,19595,9213
14801,17047,7440,3456
23302,17049,31704,15540
23302,17051,20893,8877
23500,17053,14275,6917
25601,17055,40319,16469
23700,17057,38080,16066
25602,17059,6909,2868
24801,17061,15317,6747
24300,17063,32337,16021
25500,17065,8499,3523
23600,17067,21373,10380
25602,17069,5189,1955
23600,17071,8096,4044
23801,17073,51159,24660
24200,17075,30787,14879
25601,17077,61067,29646
23302,17079,10609,4829
25500,17081,37020,16753
24900,17083,20539,9857
23200,17085,21821,11227
25601,17087,11347,4015
24300,17089,317471,16909
24200,17091,96255,45509
24300,17093,39413,21443
23700,17095,56393,26929
24300,17097,516418,28616
23900,17099,106913,49601
14802,17101,15972,6829
24400,17103,34392,16317
23400,17105,39301,17664
24802,17107,30798,14720
23700,17109,35244,16683
24300,17111,183241,99313
23400,17113,129180,71003
23500,17115,117206,56477
24900,17117,47679,21830
24900,17119,249238,12215
25500,17121,41561,19268
23900,17123,12846,6128
23900,17125,16269,7239
25401,17127,14752,6356
24802,17129,11164,5641
23801,17131,17290,8331
24701,17133,22422,11364
24900,17135,30728,13443
24801,17137,36397,17952
23500,17139,13930,6473
24400,17141,45957,23807
23900,17143,182827,87127
25601,17145,21412,9537
23500,17147,15548,7961
25000,17149,17577,8153
25401,17151,4373,1666
25601,17153,7523,2806
23900,17155,5730,2793
25601,17157,34583,14690
14801,17159,16545,8023
23801,17161,148723,71271
24701,17163,262852,12330
25602,17165,26551,10740
24802,17167,178386,96484
24801,17169,7498,3462
24801,17171,5644,2691
23500,17173,22261,10255
23801,17175,6534,2929
24400,17177,48052,24628
23900,17179,123692,61208
25601,17181,17619,7783
14500,17183,88257,40629
14700,17185,13111,6132
23700,17187,19181,9193
25500,17189,14965,7164
14801,17191,17241,7839
14801,17193,16522,7119
24400,17195,60186,29415
24300,17197,357313,18311
25601,17199,57733,26153
24400,17201,252913,13205
23900,17203,32653,15878
14100,18001,31095,14857
14100,18003,300836,16071
14300,18005,63657,33260
14500,18007,9441,4579
14000,18009,14067,7059
14200,18011,38147,20138
14200,18013,14080,7276
14500,18015,18809,9425
13900,18017,38413,18780
13101,18019,87777,45537
14400,18021,24705,11174
14500,18023,30974,14807
13101,18025,9914,4386
14600,18027,27533,12432
12800,18029,38835,18736
12800,18031,23645,11839
14100,18033,35324,18577
14000,18035,119659,59494
14700,18037,36616,19941
13700,18039,156198,83743
12600,18041,26015,12467
13101,18043,64404,32250
14500,18045,17808,8407
12800,18047,19580,9382
13800,18049,18840,9278
14700,18051,31913,15574
14000,18053,74169,36378
14600,18055,30410,14082
14200,18057,108936,59719
14200,18059,45527,24027
13101,18061,29890,14740
14200,18063,75717,39910
14000,18065,48139,23231
13900,18067,80827,40002
14100,18069,35427,18465
14300,18071,37730,18582
14900,18073,24960,11806
14100,18075,21512,10664
13102,18077,29797,14681
14300,18079,23661,11461
14200,18081,88109,47445
14802,18083,39884,18478
13800,18085,65294,34014
13700,18087,29477,13850
14900,18089,475594,22350
13600,18091,107066,51373
14600,18093,42836,20748
14000,18095,130669,63258
14200,18097,797159,42726
13600,18099,42182,21748
14600,18101,10369,4902
13900,18103,36897,18178
14600,18105,108978,55821
14400,18107,34436,17547
14200,18109,55920,28747
14900,18111,13551,6425
13700,18113,37877,19471
12800,18115,5315,2509
14600,18117,18409,8593
14600,18119,17281,8199
14400,18121,15410,7083
14700,18123,19107,8532
14700,18125,12509,5828
14900,18127,128932,65099
14700,18129,25968,12709
13900,18131,12643,5850
14400,18133,30315,13598
14000,18135,27148,13149
12800,18137,24616,11668
14200,18139,18129,8871
13600,18141,247052,12445
14300,18143,20991,9679
14200,18145,40307,20895
14700,18147,19490,9567
13600,18149,22747,10200
14100,18151,27446,14369
14400,18153,18993,8381
12800,18155,7738,3558
14500,18157,130598,67203
13900,18159,16119,8154
12600,18161,6976,3464
14700,18163,165058,83887
14400,18165,16773,7538
14400,18167,106107,49782
13800,18169,35069,17701
14500,18171,8176,3814
14700,18173,44920,23105
13101,18175,23717,11559
12600,18177,71951,35231
14100,18179,25948,13513
14500,18181,23265,11552
14100,18183,27651,14438
27501,19001,8409,3974
28201,19003,4866,2388
23200,19005,13855,6765
26106,19007,13743,6081
27503,19009,7334,3493
22200,19011,22429,10870
22001,19013,123798,60357
27501,19015,25186,12261
22001,19017,22813,11236
22001,19019,20844,9326
27401,19021,19965,9883
22001,19023,15731,7249
27402,19025,11508,4944
27504,19027,21423,10201
27503,19029,15128,7286
22100,19031,17381,8769
21801,19033,46733,23948
27401,19035,14098,6629
21802,19037,13295,6439
27502,19039,8287,4118
27301,19041,17585,8707
23200,19043,19054,8960
23802,19045,51040,24783
27504,19047,16775,8076
27501,19049,29755,15498
22300,19051,8312,3792
27502,19053,8338,3882
23200,19055,18035,8519
23600,19057,42614,21442
27301,19059,14909,7316
23200,19061,86403,44097
27302,19063,11569,5355
22001,19065,21843,10134
21802,19067,17058,8362
22002,19069,11364,5505
28201,19071,8226,3742
27504,19073,10045,4689
22001,19075,12029,5625
27501,19077,10935,5136
27402,19079,16071,8083
21801,19081,12638,6097
22002,19083,19094,8876
28202,19085,14730,7015
23600,19087,19226,9555
21802,19089,9809,4436
27402,19091,10756,4835
27401,19093,8365,3776
22200,19095,14630,7682
23802,19097,19950,9625
21900,19099,34795,17460
22300,19101,16310,8355
22100,19103,96119,56625
22200,19105,19444,9077
22300,19107,11624,5195
27301,19109,18591,8480
23600,19111,38687,18290
22200,19113,168767,92953
22100,19115,11592,5727
26106,19117,9070,4314
27201,19119,11952,5436
27501,19121,12483,6242
22300,19123,21522,10461
22300,19125,30001,14881
21900,19127,38276,19485
28202,19129,13202,6311
21802,19131,10928,5044
28001,19133,10034,4428
22300,19135,8114,3706
28201,19137,12076,5922
22100,19139,39907,20181
27201,19141,15444,7118
27202,19143,7267,3429
28201,19145,16870,7986
27301,19147,10669,4765
28001,19149,23388,11280
27402,19151,9525,4266
27501,19153,327140,18415
28202,19155,82628,42391
21900,19157,19033,9739
27502,19159,5420,2487
27401,19161,12324,5680
23801,19163,150979,77023
27503,19165,13230,6210
27201,19167,29903,14910
27501,19169,74252,41022
21900,19171,17419,8114
28201,19173,7114,3075
27502,19175,12750,6027
22300,19177,7676,3556
22300,19179,35687,16547
27501,19181,36033,19674
22100,19183,19612,9970
26106,19185,7067,3121
27402,19187,40342,19064
21801,19189,12122,5909
21802,19191,20847,10869
28001,19193,98276,48985
21801,19195,7991,3854
27402,19197,14269,6891
29401,20001,14638,6780
29401,20003,7803,3550
29501,20005,16932,7803
29001,20007,5874,2707
29004,20009,29382,14515
29901,20011,14966,6574
29201,20013,11128,4952
29301,20015,50580,25107
29402,20017,3021,1343
29303,20019,4407,1678
29901,20021,21374,9460
28606,20023,3243,1458
29003,20025,2418,1210
29203,20027,9158,4244
29101,20029,11023,5146
29402,20031,8404,4091
29002,20033,2313,1077
29303,20035,36915,17443
29901,20037,35568,16138
28601,20039,4021,1911
29203,20041,18958,9095
29503,20043,8134,3704
29204,20045,81798,43538
29004,20047,3787,1780
29303,20049,3327,1410
29006,20051,26004,13802
29005,20053,6586,2783
31001,20055,33070,16918
29003,20057,27463,13920
29401,20059,21994,10722
29203,20061,30453,15991
28604,20063,3231,1426
29007,20065,3543,1659
31002,20067,7159,3597
29003,20069,5396,2525
31003,20071,1774,882
29303,20073,7847,3395
31001,20075,2388,1190
29301,20077,7124,3203
29302,20079,31028,15561
31001,20081,3886,1933
29003,20083,2177,907
29204,20085,11525,5491
29204,20087,15905,7877
29101,20089,4251,2004
29502,20091,355054,20287
31001,20093,4027,1980
29301,20095,8292,3759
29001,20097,3660,1689
29403,20099,23693,11115
29008,20101,2375,1070
29501,20103,64371,29627
29104,20105,3653,1734
29502,20107,8254,3358
28604,20109,3081,1503
29402,20111,34732,17669
29302,20113,27268,13993
29302,20115,12888,6076
29202,20117,11705,5183
31004,20119,4247,2103
29502,20121,23466,11576
29103,20123,7203,3297
29403,20125,38816,17635
29203,20127,6198,2882
31006,20129,3480,1591
29201,20131,10446,4936
29403,20133,17035,7993
29008,20135,4033,1917
28602,20137,5947,2791
29204,20139,15248,7032
29103,20141,4867,2316
29104,20143,5634,2648
29004,20145,7555,3552
28603,20147,6590,3030
29203,20149,16128,8104
29001,20151,9702,4734
28601,20153,3404,1583
29005,20155,62389,30125
29101,20157,6482,3051
29005,20159,10610,4806
29203,20161,67139,37911
29007,20163,6039,2720
29004,20165,3842,1773
29006,20167,7835,3564
29104,20169,49301,25962
31003,20171,5289,2556
29301,20173,403662,21270
31004,20175,18743,9405
29204,20177,160976,84242
28604,20179,3043,1438
28605,20181,6926,3359
28603,20183,5078,2372
29004,20185,5365,2346
31002,20187,2333,1092
31002,20189,5048,2429
29301,20191,25841,12045
28604,20193,8258,4152
29006,20195,3694,1695
29204,20197,6603,3228
28605,20199,1821,863
29202,20201,7073,3272
31003,20203,2758,1223
29403,20205,10289,4482
29401,20207,4116,1662
29502,20209,161993,77114
4601,21001,15360,7013
5401,21003,14628,6613
12901,21005,14571,7764
25401,21007,7902,3643
5402,21009,34001,15536
12902,21011,9692,4202
301,21013,31506,10632
12701,21015,57589,30167
12901,21017,19236,9396
17100,21019,51150,21823
12903,21021,25641,12061
12702,21023,7766,3306
4501,21025,15703,5203
13000,21027,16312,6938
13101,21029,47567,24374
13200,21031,11245,4854
25200,21033,13232,5889
25402,21035,30735,14844
12701,21037,83866,41888
25401,21039,5238,2391
13102,21041,9292,4262
17100,21043,24340,9788
4601,21045,14211,6007
5900,21047,68941,36657
12901,21049,29496,14175
4401,21051,21746,6766
4602,21053,9135,3782
25200,21055,9196,3818
5402,21057,6784,2900
13200,21059,87189,42267
5401,21061,10357,4159
17100,21063,6455,2195
4402,21065,14614,5640
12901,21067,225366,12384
12702,21069,12292,5743
17000,21071,43586,14637
12901,21073,43781,23815
25300,21075,8271,3220
12701,21077,5393,2550
12903,21079,11579,5454
12701,21081,15737,7325
25300,21083,33550,14687
13000,21085,21050,8990
4601,21087,10371,4974
17100,21089,36742,15474
13200,21091,7864,3466
13000,21093,89240,46475
4502,21095,36574,11593
12901,21097,16248,7476
5402,21099,14890,6474
25200,21101,43044,21458
13101,21103,12823,6242
25300,21105,5566,2371
25200,21107,46126,20567
4402,21109,11955,4189
13101,21111,664937,33750
12901,21113,30508,15994
17000,21115,23248,8606
12701,21117,142031,72973
4502,21119,17906,5531
4401,21121,29676,10037
13000,21123,11679,5279
4401,21125,43438,18195
17000,21127,13998,4614
4501,21129,7422,2453
4502,21131,13642,4160
4502,21133,27000,8742
12702,21135,13029,5232
12903,21137,20045,8786
25401,21139,9062,4226
5401,21141,24416,11690
25200,21143,6624,2491
25401,21145,62879,29353
4602,21147,15603,4935
13200,21149,9628,4296
4402,21151,57508,29576
17000,21153,13077,4106
13103,21155,16499,7249
25401,21157,27205,11906
17000,21159,12526,3802
12702,21161,16666,7766
13000,21163,24170,10968
12902,21165,5092,2076
12903,21167,19148,9543
5402,21169,8963,4080
5402,21171,11401,5209
12902,21173,19561,9203
4501,21175,11648,4009
13200,21177,31318,12879
13103,21179,29710,14241
12901,21181,6725,3260
13200,21183,21105,8497
13101,21185,33263,16487
12901,21187,9035,4199
4501,21189,5036,1427
12701,21191,12036,5497
4502,21193,30283,10616
17000,21195,72583,25683
12901,21197,11686,4888
4602,21199,49489,21787
12901,21201,2124,906
4402,21203,14803,5905
17100,21205,20353,9104
4601,21207,14716,6733
12901,21209,23867,12403
13101,21211,24824,13034
5401,21213,15145,7601
13101,21215,6801,3264
4601,21217,21146,10401
5900,21219,10940,5067
5900,21221,10361,4751
13102,21223,6090,2791
25200,21225,16557,6881
5401,21227,76673,39802
13103,21229,10441,4834
4602,21231,17468,6814
25200,21233,13955,5784
4401,21235,33326,12992
4501,21237,6503,2213
12901,21239,19955,10837
3800,22001,55882,20664
3700,22003,21226,7151
3500,22005,58214,25647
3400,22007,22753,8869
3600,22009,39159,14050
3700,22011,30083,12319
4002,22013,15979,5889
4002,22015,86088,42627
4002,22017,248253,11285
3700,22019,168134,73946
3901,22021,9810,3758
3700,22023,9260,3991
3201,22025,11065,4125
4002,22027,17405,5973
3202,22029,20828,7947
4002,22031,25346,9879
3500,22033,380105,18826
3902,22035,9709,3266
3500,22037,19211,7010
3800,22039,33274,11103
3901,22041,22387,8250
3600,22043,17526,6790
3800,22045,68297,28466
3500,22047,31049,12133
4003,22049,15705,5908
3300,22051,448306,22446
3700,22053,30722,11543
3800,22055,164762,78503
3400,22057,85860,35050
3201,22059,13662,5400
4003,22061,41745,17569
3500,22063,70526,31413
3203,22065,12463,4501
3901,22067,31938,11821
4002,22069,36689,14603
3300,22071,496938,21747
3901,22073,142191,63719
3300,22075,25575,10705
3500,22077,22540,8677
3600,22079,131556,56430
4002,22081,9387,3545
3901,22083,20629,7838
4004,22085,22646,8504
3300,22087,66631,30738
3300,22089,42437,19260
3500,22091,9874,3680
3300,22093,20879,8414
3300,22095,39996,17452
3800,22097,80331,29003
3800,22099,43978,18247
3400,22101,58086,23672
3300,22103,144508,66927
3500,22105,85709,33624
3202,22107,7103,2535
3400,22109,96982,38598
3901,22111,20690,8164
3800,22113,50055,19256
3700,22115,61961,31147
3300,22117,43185,15970
4002,22119,41989,17235
3500,22121,19419,8889
3902,22123,12093,4587
3500,22125,12915,3384
4003,22127,16269,6190
20100,23001,105259,54986
20003,23003,86936,42543
20100,23005,243135,13231
20100,23007,29008,14545
20001,23009,46948,23099
20100,23011,115904,59486
20001,23013,36310,17509
20100,23015,30357,14696
20100,23017,52602,24819
20001,23019,146601,72811
20001,23021,18653,8437
20100,23023,33535,17824
20100,23025,49767,23628
20001,23027,33018,15717
20002,23029,35308,15142
20600,23031,164587,87181
17501,24001,74946,32439
11302,24003,427239,24578
11302,24005,692134,38153
11304,24009,51372,28047
19902,24011,27035,13820
11302,24013,123372,67905
19800,24015,71347,37030
11304,24017,101154,56587
19902,24019,30236,15296
11304,24021,150208,84253
17501,24023,28138,12700
11302,24025,182132,10201
11302,24027,187328,11358
19902,24029,17842,9197
11304,24031,757027,44828
11304,24033,729268,44180
19902,24035,33953,18197
11304,24037,75974,41046
19901,24039,23440,9843
19902,24041,30549,16226
17400,24043,121393,59369
19901,24045,74339,39134
19901,24047,35028,18211
11302,24510,736014,34759
20500,25001,186605,89855
20902,25003,139352,69963
20401,25005,506325,26420
20403,25007,11639,6260
20500,25009,670080,35633
20800,25011,70092,37817
20800,25013,456310,22714
20800,25015,146568,81287
20500,25017,1398468,80827
20402,25019,6012,3668
20500,25021,616087,34831
20500,25023,435276,23250
20500,25025,663906,36251
20500,25027,709705,37373
12401,26001,10145,3774
11401,26003,8972,3727
12200,26005,90509,44642
12401,26007,30605,14030
12301,26009,18185,8093
11900,26011,14931,6074
21002,26013,7954,3164
12100,26015,50057,24411
11900,26017,111723,53646
12301,26019,12200,5511
13600,26021,161378,79009
13700,26023,41502,19367
12100,26025,135982,64645
13600,26027,49477,24733
12302,26029,21468,10453
12302,26031,21398,9334
11403,26033,34604,13778
11800,26035,24952,9309
11700,26037,57883,30500
12402,26039,12260,5259
11401,26041,37780,16473
11402,26043,26831,11974
11700,26045,92879,50549
12302,26047,25040,12627
11600,26049,430459,20136
11900,26051,21896,8150
21003,26053,18052,7341
12301,26055,64273,33501
11800,26057,38982,17956
11500,26059,43431,20369
21002,26061,35446,14487
11900,26063,34951,15115
11700,26065,281912,15076
12200,26067,57024,25419
12401,26069,30209,13227
11402,26071,13175,5054
11800,26073,54624,26274
11500,26075,149756,69795
12100,26077,223411,11835
12301,26079,13497,5781
12200,26081,500631,26188
21002,26083,1701,604
12001,26085,8583,2780
11600,26087,74768,35954
12301,26089,16527,8115
11500,26091,91476,43851
11600,26093,115645,61601
11403,26095,5763,2308
11403,26097,10674,4647
11600,26099,717400,38052
12002,26101,21265,9249
11401,26103,70887,34334
12002,26105,25537,11350
12001,26107,37308,16836
11402,26109,24920,11551
11900,26111,75651,37086
12001,26113,12147,5191
13501,26115,133600,65469
12200,26117,53059,23248
12402,26119,8936,3167
12200,26121,158983,71689
12200,26123,38202,16451
11600,26125,1083592,58857
12200,26127,22454,9904
12402,26129,18681,6879
21003,26131,8854,3784
12001,26133,20146,8522
12402,26135,7842,2780
12402,26137,17957,8510
12200,26139,187768,10048
12401,26141,13743,5476
12402,26143,19776,6899
11900,26145,211946,97716
11600,26147,145607,70172
13700,26149,58913,28207
11600,26151,39928,17877
11401,26153,8302,3440
11600,26155,69770,34705
11900,26157,55498,25388
12100,26159,70060,33092
11600,26161,282937,15914
11600,26163,2111687,96464
12001,26165,26360,12041
21600,27001,12425,4950
21501,27003,243641,13987
26701,27005,27881,12368
26701,27007,34384,15369
21400,27009,30185,15858
26601,27011,6285,2797
21301,27013,54044,29183
21301,27015,26984,13370
26002,27017,29259,13003
21501,27019,47915,26982
21600,27021,21791,8697
27101,27023,13228,6193
21501,27025,30521,15051
26801,27027,50422,25917
26701,27029,8309,3407
26003,27031,3868,2000
27202,27033,12694,5750
21600,27035,44249,19735
21501,27037,275227,15990
21701,27039,15731,8128
26901,27041,28674,13690
27302,27043,16937,7629
21701,27045,20777,9981
21702,27047,33060,16296
21701,27049,40690,20411
26901,27051,6246,2798
21501,27053,1032431,60024
22900,27055,18497,9490
26701,27057,14939,6501
21501,27059,25921,12782
21600,27061,40863,17251
27202,27063,11677,5430
21502,27065,12802,6191
27101,27067,38761,18915
26702,27069,5767,2544
26004,27071,16299,7661
27101,27073,8924,3885
26002,27075,10415,4760
26001,27077,4076,1979
21301,27079,23239,11568
27102,27081,6890,3003
27102,27083,24789,12533
21201,27085,32030,16546
26701,27087,5044,1842
26703,27089,10993,4720
27302,27091,22914,10911
21201,27093,20846,9805
21400,27095,18670,8494
26902,27097,29604,13179
21702,27099,37385,17168
27202,27101,9660,4318
21301,27103,28076,15148
27202,27105,20098,9637
26801,27107,7975,3371
21701,27109,106470,59402
26901,27111,50714,23347
26703,27113,13306,6293
21502,27115,21264,8927
27102,27117,10491,4733
26704,27119,32498,14998
26901,27121,10745,4717
21501,27123,485765,26569
26703,27125,4525,1983
21202,27127,17254,7812
21202,27129,17673,7887
21302,27131,49183,26075
27102,27133,9806,4669
26001,27135,15026,7479
26002,27137,198213,91225
21501,27139,57846,32134
21400,27141,41945,21766
21201,27143,14366,7032
21400,27145,118791,62190
21302,27147,30729,16129
26901,27149,10634,4941
27101,27151,10724,4672
26902,27153,23363,10145
26601,27155,4463,1876
21701,27157,19744,9704
26902,27159,13154,5629
21302,27161,18079,8999
21501,27163,145896,80020
21301,27165,11682,5579
26801,27167,7516,3448
22800,27169,47828,25221
21501,27171,68710,35889
27101,27173,11684,5149
3202,28001,35356,14737
5100,28003,31722,14428
3101,28005,13328,4877
3001,28007,18481,7444
5201,28009,8046,3305
4800,28011,41875,16703
5000,28013,14908,6746
4701,28015,9237,3952
5000,28017,18085,8322
10502,28019,9071,3647
3203,28021,11370,3864
10400,28023,17313,7772
10502,28025,21120,9255
4702,28027,31665,11490
3003,28029,27592,11181
2900,28031,16527,6712
5202,28033,67910,35122
2900,28035,68314,31015
3202,28037,8377,3080
2700,28039,16673,6753
2700,28041,10220,3772
4701,28043,21555,9605
2700,28045,31760,12540
2700,28047,165365,78515
3003,28049,254441,12499
3001,28051,21604,6665
3002,28053,12134,4734
4800,28055,1909,749
5000,28057,20017,9889
2700,28059,115243,54145
2800,28061,17114,6751
3203,28063,8653,3103
2900,28065,14051,5284
2800,28067,62031,26420
10400,28069,10356,4119
4702,28071,31826,14513
2900,28073,30424,14039
10400,28075,75555,35061
3102,28077,12458,4895
3003,28079,18436,7537
5000,28081,65581,33013
4701,28083,37341,14781
3102,28085,30278,12490
10501,28087,59308,28951
3003,28089,53794,25774
3101,28091,25544,9725
5202,28093,30361,12814
5000,28095,36582,16984
4701,28097,12388,5208
10400,28099,24800,10687
10400,28101,20291,8823
10501,28103,12604,4940
10502,28105,38375,17644
4702,28107,29996,12363
2700,28109,38714,16203
2900,28111,10865,4209
3101,28113,36882,14811
5000,28115,22237,10963
5100,28117,23278,10847
4702,28119,10490,3756
3003,28121,87161,44220
3003,28123,24137,10316
4800,28125,7066,2622
3003,28127,23953,10165
2800,28129,14798,6316
2700,28131,10750,4617
4800,28133,32867,11553
4702,28135,15210,5667
5202,28137,21432,9950
5201,28139,19523,8838
5100,28141,17683,8166
5202,28143,8164,2845
5201,28145,22085,10681
3101,28147,14352,5167
3203,28149,47880,21105
4800,28151,67935,27658
2800,28153,19517,8038
10502,28155,10222,4270
3101,28157,9678,3569
10502,28159,19433,8294
4702,28161,12033,4924
3002,28163,25506,9189
26107,29001,24577,11867
29503,29003,14632,7064
29505,29005,7457,3383
24702,29007,23599,10829
29800,29009,27547,12527
29902,29011,11312,5285
29502,29013,15025,6385
29504,29015,13859,5343
25701,29017,10619,4476
29601,29019,112379,60974
29503,29021,83083,39223
25702,29023,38765,16692
29503,29025,8380,3598
29601,29027,32809,16228
29602,29029,27495,12273
25701,29031,61633,31794
26102,29033,10748,4532
25702,29035,5515,2114
29502,29037,63808,33350
29902,29039,12093,5019
26103,29041,9202,4187
29700,29043,32644,16686
23600,29045,7547,3526
29502,29047,153411,85198
29503,29049,16595,7866
29601,29051,63579,32298
29601,29053,14835,6813
24701,29055,19173,8173
29902,29057,7449,3237
29700,29059,12646,5310
29503,29061,7865,3282
29503,29063,9967,3621
24500,29065,13702,5497
29700,29067,11876,5143
25800,29069,33112,13342
24701,29071,80603,40011
24701,29073,14006,6618
29506,29075,6848,3004
29700,29077,207949,10739
26104,29079,10536,4680
29506,29081,8469,3833
29504,29083,20044,8843
29700,29085,7335,2522
29505,29087,6034,2614
29601,29089,9631,4558
25102,29091,31447,13680
24600,29093,10726,4183
29502,29095,633232,33143
29901,29097,90465,43613
24701,29099,171380,88251
29502,29101,42514,21650
26107,29103,4482,2017
29700,29105,27158,12467
29502,29107,31107,14780
29800,29109,30236,13959
25000,29111,10233,4799
24701,29113,28892,14071
26103,29115,13885,6021
26102,29117,14592,6507
30300,29119,16938,7427
26101,29121,15345,6916
24600,29123,11127,4567
24500,29125,7976,3648
25000,29127,27682,13024
26104,29129,3723,1504
29602,29131,20700,9580
25701,29133,14442,5935
29601,29135,12298,5947
26101,29137,9104,4050
24702,29139,11355,5200
29602,29141,15574,6870
25701,29143,20928,8524
29901,29145,44445,21744
29505,29147,21709,10823
25102,29149,9470,3568
29601,29151,12018,6046
25101,29153,8598,3523
25800,29155,21921,8405
24600,29157,16648,8072
29504,29159,35437,17387
24500,29161,35248,16062
25000,29163,15969,7366
29502,29165,57867,33513
29700,29167,21826,9645
24500,29169,41307,22249
26105,29171,5079,2110
25000,29173,8476,4107
26101,29175,24370,10681
29502,29177,21971,10108
24500,29179,6661,2593
25702,29181,12303,4373
24701,29183,212907,11728
29504,29185,8457,3447
24600,29186,16037,7683
24600,29187,48904,19872
24701,29189,993529,53313
26102,29195,23523,11167
26107,29197,4236,1914
26107,29199,4822,2132
25701,29201,39376,18212
25102,29203,7613,3290
26101,29205,6942,3031
25701,29207,28895,12743
29800,29209,19078,8211
26105,29211,6326,2737
29800,29213,25561,11984
25102,29215,21476,9264
29902,29217,19041,8612
24701,29219,19534,9648
24600,29221,20380,7905
25702,29223,11543,4368
29700,29225,23753,10831
29506,29227,2440,993
29700,29229,16758,7015
24701,29510,396685,18167
34401,30001,8424,3965
34304,30003,11337,4569
34201,30005,6728,3016
34403,30007,3318,1521
34308,30009,8080,3585
26401,30011,1503,837
34203,30013,77691,37940
34203,30015,5452,2467
34305,30017,11697,5662
26405,30019,2266,1053
26409,30021,9505,4583
34404,30023,10278,3996
26402,30025,3103,1457
34204,30027,12083,5462
34503,30029,59218,27792
34402,30031,50463,26598
34306,30033,1589,817
34202,30035,12121,4982
34308,30037,912,443
34404,30039,2548,1072
34201,30041,17654,8206
34403,30043,7939,3842
34203,30045,2282,1093
34503,30047,21041,9091
34403,30049,47495,24550
34201,30051,2295,885
34502,30053,17481,7756
26406,30055,2276,1102
34402,30057,5989,2921
34309,30059,1819,897
34504,30061,3315,1507
34504,30063,78687,40090
34308,30065,4106,1680
34402,30067,14562,6836
34204,30069,519,282
26408,30071,5163,2468
34202,30073,6433,2951
34307,30075,2090,1085
34404,30077,6620,2556
34305,30079,1383,622
34504,30081,25010,10772
26411,30083,10716,4947
26406,30085,10999,4511
34307,30087,10505,4924
34503,30089,8669,3382
26407,30091,4732,1946
34404,30093,33941,15488
34308,30095,6536,3094
34402,30097,3154,1428
34203,30099,6271,2849
34202,30101,5046,2440
34307,30103,874,427
26408,30105,8239,3899
34309,30107,2246,1027
26409,30109,1191,514
34308,30111,113419,57936
34402,30113,52,39
27901,31001,29625,14950
27801,31003,7965,3346
28304,31005,462,228
27701,31007,852,403
28305,31009,675,368
27802,31011,6667,2973
27701,31013,13130,6219
27001,31015,2835,1127
27003,31017,3657,1625
28608,31019,37447,20252
28002,31021,7868,3431
27802,31023,8601,3948
28202,31025,21318,10828
27005,31027,10131,4543
28607,31029,4381,1939
28304,31031,6307,3004
27702,31033,9494,4746
27901,31035,7123,3257
27802,31037,9139,4352
28002,31039,10117,4820
28305,31041,12270,5705
28001,31043,16742,8507
27701,31045,9021,4243
28609,31047,19940,10117
28302,31049,2237,1019
28001,31051,6143,2861
28202,31053,34500,17244
28202,31055,416444,22272
28606,31057,2582,1211
27902,31059,7103,3255
28608,31061,3938,1672
28609,31063,3101,1511
28609,31065,5553,2419
28101,31067,22794,11245
28303,31069,2460,1200
27002,31071,2141,1025
28609,31073,1928,997
28304,31075,769,380
27002,31077,3006,1430
27903,31079,48925,25550
27903,31081,8862,4377
28609,31083,3810,1829
28607,31085,1222,515
28607,31087,3750,1635
27001,31089,12599,5830
28304,31091,793,367
27903,31093,6055,2803
28101,31095,8759,4253
28102,31097,4673,2275
28608,31099,6629,3173
28302,31101,8584,4448
27003,31103,1029,493
27702,31105,4108,1959
27005,31107,9534,4316
28101,31109,213641,12207
28306,31111,32508,15562
28306,31113,878,402
27002,31115,683,329
28306,31117,546,272
27801,31119,32655,16749
27903,31121,8042,3964
27701,31123,5423,2501
27802,31125,4275,1981
28102,31127,7980,3784
29102,31129,5786,2505
28102,31131,14252,7007
28102,31133,3317,1546
28302,31135,3367,1465
28609,31137,9715,5031
27801,31139,7827,3520
27802,31141,29820,15111
27902,31143,5675,2659
28607,31145,11705,5866
28102,31147,9937,4396
27003,31149,2019,985
28101,31151,12715,6225
28202,31153,102583,57796
28202,31155,18285,8989
27701,31157,36025,17266
28101,31159,15450,8091
27704,31161,6750,3058
28608,31163,3718,1662
27701,31165,1549,780
27801,31167,6244,3000
29102,31169,6635,3101
28305,31171,851,393
28002,31173,6936,2651
27002,31175,5169,2648
28202,31177,16607,8872
28001,31179,9364,4645
27901,31181,4279,1776
27001,31183,948,429
27902,31185,14428,7025
37604,32001,17938,8725
37901,32003,741459,40595
37400,32005,27637,14616
37601,32007,33530,17597
37901,32009,1344,736
37601,32011,1547,839
37602,32013,12844,6850
37601,32015,6266,3141
37901,32017,3775,1437
37604,32019,20001,9057
37902,32021,6475,3130
37901,32023,17781,8934
37602,32027,4336,2115
37604,32029,2526,1477
37604,32031,254667,14860
37601,32033,9264,4154
37604,32510,40443,20504
20600,33001,49216,26193
20600,33003,35410,18199
20700,33005,70121,38246
20301,33007,34828,16927
20302,33009,74929,40133
20600,33011,336073,19207
20600,33013,120005,65254
20600,33015,245845,14245
20600,33017,104233,57526
20302,33019,38592,19925
19700,34001,224327,12080
19600,34003,825380,45695
19700,34005,395066,21841
19700,34007,502824,25437
19700,34009,95089,45452
19700,34011,138053,65967
19600,34013,778206,40035
19700,34015,230082,11886
19600,34017,553099,29527
19600,34019,107776,60196
19600,34021,325824,17576
19600,34023,671780,38006
19500,34025,553124,29509
19600,34027,421353,24344
19500,34029,433203,19409
19600,34031,453060,24312
19700,34033,65294,31389
19600,34035,240279,14164
19600,34037,130943,70606
19600,34039,493819,26893
19600,34041,91607,47977
34901,35001,480577,24870
34902,35003,2563,1034
30701,35005,57849,24550
34901,35006,23794,8850
34801,35007,12925,5586
30901,35009,42207,19718
30702,35011,2252,905
30601,35013,135510,59615
30701,35015,48605,20206
30604,35017,27676,11220
30702,35019,4156,1588
34803,35021,987,429
30604,35023,5958,2603
30801,35025,55765,23057
30602,35027,12219,5566
34802,35028,18115,10176
30604,35029,18110,6296
35500,35031,60686,22878
34801,35033,4264,1358
30602,35035,51928,24454
34803,35037,10823,4720
34802,35039,34365,14407
30901,35041,16702,7499
34901,35043,63319,28803
35300,35045,91605,36553
34801,35047,25743,10452
34802,35049,98928,52123
30603,35051,9912,3259
34902,35053,14764,6543
34802,35055,23118,10355
34901,35057,10285,4312
34804,35059,4124,1761
34901,35061,45235,19456
18600,36001,292594,15705
18201,36003,50470,22852
19400,36005,1203789,50232
17900,36007,212160,10490
18201,36009,84234,38976
17700,36011,82313,38689
16500,36013,141895,67288
18100,36015,95195,44372
17800,36017,51768,25091
18400,36019,85969,41133
18600,36021,62982,31056
17700,36023,48963,24492
17800,36025,47225,21900
19300,36027,259462,13369
18000,36029,968532,47625
18400,36031,37152,16746
18400,36033,46540,20144
18500,36035,54191,26107
18000,36037,60060,30489
18600,36039,44739,20121
18500,36041,5279,2538
17700,36043,65797,29887
18300,36045,110943,55121
19400,36047,2300664,10381
18300,36049,26796,12249
18000,36051,62372,31528
17700,36053,69120,34468
18000,36055,713968,37302
18500,36057,51981,24234
19400,36059,1287348,69111
19400,36061,1487536,83920
18000,36063,220756,10840
17700,36065,250836,11810
17700,36067,468973,24124
18000,36069,95101,49856
19300,36071,307647,15634
18000,36073,41846,19424
17700,36075,121771,56645
17800,36077,60517,28712
19400,36079,83941,47019
19400,36081,1951598,10171
18600,36083,154429,81017
19400,36085,378977,18966
19600,36087,265475,14156
18300,36089,111974,48886
18600,36091,181276,96781
18600,36093,149285,74696
18600,36095,31859,15046
18100,36097,18662,8830
18000,36099,33683,16800
18100,36101,99088,46544
19400,36103,1321864,69975
19300,36105,69277,31848
17900,36107,52337,26234
18100,36109,94097,48202
19300,36111,165304,84549
18600,36113,59209,29534
18600,36115,59330,27452
18000,36117,89123,45229
19400,36119,874866,46865
18000,36121,42507,19299
18000,36123,22810,10914
500,37001,108213,59492
1100,37003,27544,15736
602,37005,9590,4665
900,37007,23474,11223
601,37009,22209,10970
1001,37011,14867,7071
2100,37013,42283,20475
2600,37015,20388,8903
1500,37017,28663,13036
1500,37019,50985,24101
1203,37021,174821,89599
1002,37023,75744,40855
900,37025,98935,53908
1100,37027,70709,39384
2000,37029,5904,2880
1900,37031,52556,26655
500,37033,20693,10067
1100,37035,118412,68975
1701,37037,38759,21665
1204,37039,20170,9034
2000,37041,13506,6257
1204,37043,7155,3079
800,37045,84714,44871
1500,37047,49587,21977
1900,37049,81613,40831
1400,37051,274566,14847
2000,37053,13736,6862
2100,37055,22746,12879
500,37057,126677,71066
401,37059,27859,15162
1800,37061,39995,19287
1701,37063,181835,10104
1600,37065,56558,27954
401,37067,265878,14347
1701,37069,36414,18609
800,37071,175093,93903
2000,37073,9305,4169
1202,37075,7196,3210
1701,37077,38345,19454
1900,37079,15384,7451
500,37081,347420,19717
2600,37083,55516,23891
1701,37085,67822,33156
1203,37087,46942,22344
1203,37089,69285,31840
2600,37091,22523,10165
1400,37093,22856,10154
2100,37095,5411,2392
1100,37097,92931,51130
1202,37099,26846,13312
1701,37101,81306,43269
1900,37103,9414,4449
1701,37105,41374,20900
1900,37107,57274,27903
800,37109,50319,27244
1002,37111,35681,18078
1201,37113,23499,10577
1203,37115,16953,8074
2100,37117,25078,11947
900,37119,511433,29298
1002,37121,14433,6649
1400,37123,23346,11794
1400,37125,59013,27743
1600,37127,76677,40398
1500,37129,120284,63692
2600,37131,20798,8713
1900,37133,149838,92086
1701,37135,93851,52739
1900,37137,11372,5130
2000,37139,31298,14092
1500,37141,28855,13740
2000,37143,10447,4525
1701,37145,30180,16340
1900,37147,107924,56765
700,37149,14416,6809
500,37151,106546,61562
1400,37153,44518,21697
1400,37155,105179,48235
500,37157,86064,44793
900,37159,110605,56865
800,37161,56918,29083
1800,37163,47297,23128
1400,37165,33754,16163
900,37167,51765,27515
401,37169,37223,20055
401,37171,61704,32550
1202,37173,11268,4981
1203,37175,25520,11441
2100,37177,3856,1730
900,37179,84211,45046
1702,37181,38892,19566
1701,37183,423380,24970
1702,37185,17265,7372
2100,37187,13997,6154
1001,37189,36952,19158
1800,37191,104666,54634
601,37193,59393,31062
1600,37195,66061,33488
401,37197,30488,16053
1002,37199,15419,6994
26404,38001,3174,1562
26803,38003,12545,5694
26301,38005,7198,2665
26410,38007,1108,496
26304,38009,8011,3435
26403,38011,3596,1848
26412,38013,3002,1234
26201,38015,60131,32535
26801,38017,102874,57561
26702,38019,6064,2425
26802,38021,6107,2842
26412,38023,2899,1148
26410,38025,4005,1842
26302,38027,2951,1249
26203,38029,4830,1939
26302,38031,3983,1815
26409,38033,2108,983
26704,38035,70683,38191
26202,38037,3549,1562
26804,38039,3303,1466
26404,38041,3445,1470
26204,38043,3332,1465
26803,38045,5383,2245
26203,38047,2847,1223
26304,38049,6528,2691
26203,38051,4021,1800
26411,38053,6383,2867
26201,38055,10457,4454
26201,38057,9808,4616
26201,38059,23700,11922
26411,38061,7021,2997
26301,38063,4410,1753
26201,38065,2381,1145
26702,38067,9238,4217
26305,38069,5052,2220
26301,38071,12681,6058
26802,38073,5921,2548
26304,38075,3160,1391
26801,38077,18148,8284
26303,38079,12772,4563
26802,38081,4549,2129
26305,38083,2148,777
26603,38085,3761,1320
26403,38087,907,442
26410,38089,22832,11121
26704,38091,2420,1045
26803,38093,22241,10786
26303,38095,3627,1488
26704,38097,8752,3715
26702,38099,13840,6403
26304,38101,57921,29513
26305,38103,5864,2430
26412,38105,21129,9944
12701,39001,25371,9863
13400,39003,109755,50789
16000,39005,47507,23301
15200,39007,99821,44904
15800,39009,59549,26252
13400,39011,44585,21795
15600,39013,71074,30019
12701,39015,34966,16052
12701,39017,291479,14524
15000,39019,26521,11841
12501,39021,36019,18487
12501,39023,147548,70483
12701,39025,150187,76802
12502,39027,35415,17281
16400,39029,108276,48340
15000,39031,35427,15986
16000,39033,47870,22627
15200,39035,1412140,68213
12501,39037,53619,26202
13502,39039,39350,19766
15900,39041,66929,35177
15100,39043,76779,37744
15900,39045,103461,51860
12502,39047,27466,12832
15900,39049,961437,52451
13501,39051,38498,19831
15800,39053,30954,12965
15200,39055,81129,41481
12501,39057,136731,69972
15400,39059,39024,17074
12701,39061,866228,43126
13300,39063,65536,33458
13300,39065,31111,14402
15000,39067,16085,6461
13501,39069,29108,14301
12502,39071,35728,15825
15900,39073,25533,11364
15000,39075,32849,14052
15100,39077,56240,27339
15700,39079,30230,11964
15500,39081,80298,32853
15900,39083,47473,22461
15200,39085,215499,11464
17100,39087,61834,25037
15900,39089,128300,63884
12501,39091,42310,20289
15100,39093,271126,13097
13501,39095,462361,22437
15900,39097,37068,17275
16400,39099,264806,11732
16000,39101,64274,29936
15200,39103,122354,63498
15800,39105,22987,8888
13400,39107,39443,19173
12501,39109,93182,47439
15600,39111,15497,6133
12501,39113,573809,28849
15400,39115,14194,5659
16000,39117,27749,13376
15400,39119,82068,38393
15400,39121,11336,4775
13501,39123,40029,19853
13502,39125,20488,9599
15400,39127,31557,13637
15900,39129,48255,21217
15700,39131,24249,9190
15200,39133,142585,73544
12501,39135,40113,19236
13400,39137,33819,16302
16000,39139,126137,60517
15700,39141,69330,28942
13300,39143,61963,30182
15700,39145,80327,28780
13300,39147,59733,28494
12501,39149,44915,22643
15000,39151,367585,17748
15200,39153,514990,25362
16400,39155,227813,10725
15000,39157,84090,38803
15900,39159,31969,15709
13400,39161,30464,15167
15700,39163,11098,4324
12701,39165,113909,57608
15300,39167,62254,29074
15000,39169,101461,50482
13502,39171,36956,19261
13501,39173,113269,59212
13300,39175,22254,11005
30200,40001,18421,7674
30502,40003,6416,2727
33901,40005,12778,4879
31004,40007,6023,2922
33801,40009,18812,8189
30502,40011,11470,5048
33902,40013,32089,13787
33802,40015,29550,11855
33803,40017,74409,38150
33700,40019,42919,19023
30200,40021,34049,14630
34002,40023,15302,5704
31006,40025,3301,1612
33803,40027,174253,93742
33901,40029,5780,2382
33601,40031,111486,57240
33601,40033,6651,2761
30402,40035,14104,6224
30402,40037,60915,28316
33801,40039,26897,13237
30300,40041,28070,11483
30502,40043,5551,2295
30501,40045,4497,2088
30502,40047,56735,27264
33700,40049,26605,11326
33802,40051,41747,19001
30502,40053,5689,2475
33602,40055,6559,2406
33602,40057,3793,1439
30501,40059,4063,1950
30100,40061,10940,4078
33901,40063,13023,5063
33602,40065,28764,13513
33601,40067,7010,2818
33700,40069,10032,3968
30402,40071,48056,22427
33803,40073,13212,6234
33602,40075,11347,4708
30100,40077,10333,3911
30100,40079,43270,17807
33803,40081,29216,12814
33803,40083,29011,13388
33700,40085,8157,3485
33803,40087,22795,10816
34002,40089,33433,13500
30200,40091,16779,6501
30502,40093,8055,3604
33700,40095,10829,4326
30402,40097,33366,14360
33700,40099,12042,5206
30200,40101,68078,28361
30401,40103,11045,5132
29403,40105,9992,4330
30403,40107,11551,4235
33803,40109,599611,30775
30403,40111,36490,14800
30402,40113,41645,18634
29901,40115,30561,13039
30402,40117,15575,7111
30401,40119,61507,30130
30100,40121,40581,16516
33901,40123,34119,15570
33803,40125,58760,26421
34002,40127,10997,4302
33801,40129,4147,1851
30402,40131,55170,27241
33803,40133,25412,10060
30100,40135,33828,14840
33601,40137,42299,17999
31006,40139,16419,8116
33603,40141,10384,4330
30402,40143,503341,26046
30402,40145,47883,23461
29403,40147,48066,22275
33801,40149,11441,4994
30502,40151,9103,4318
30501,40153,18976,8764
39201,41001,15317,6655
38901,41003,70811,35019
38801,41005,278850,14758
38700,41007,33301,15872
38801,41009,37557,17358
36902,41011,60273,25966
39203,41013,14111,6409
36901,41015,19327,7760
39203,41017,74958,37767
36902,41019,94649,41227
39204,41021,1717,807
39205,41023,7853,3781
36502,41025,7060,3380
38802,41027,16903,8461
36800,41029,146389,67850
39203,41031,13676,6075
36800,41033,62649,25727
36501,41035,57702,26560
36503,41037,7186,3467
38901,41039,282912,13989
38902,41041,38889,17500
38901,41043,91227,42852
35802,41045,26038,11621
38901,41047,228483,10852
39100,41049,7625,3571
38801,41051,583887,31132
38901,41053,49541,22981
38802,41055,1918,827
38902,41057,21570,9001
39100,41059,59249,28016
39201,41061,23598,10787
39202,41063,6911,3239
38802,41065,21683,9719
38801,41067,311554,17200
39204,41069,1396,560
38901,41071,65551,30555
19200,42001,78274,41834
16300,42003,1336449,64702
16300,42005,73478,31203
16300,42007,186093,82722
16200,42009,47919,21787
19100,42011,336523,17441
16200,42013,130542,59309
18900,42015,60967,28032
19700,42017,541174,29648
16300,42019,152013,72982
16200,42021,163029,66022
18202,42023,5913,2578
19000,42025,56846,26044
16100,42027,123786,61452
19700,42029,376396,20492
16500,42031,41699,18014
16100,42033,78097,34587
18900,42035,37182,16894
18800,42037,63202,30634
16500,42039,86169,39219
19200,42041,195257,10578
19200,42043,237813,12658
19700,42045,547651,27948
18202,42047,34878,16181
16500,42049,275572,13220
16300,42051,145351,56861
16500,42053,4802,1939
17400,42055,121082,62590
17400,42057,13837,6525
16300,42059,39550,15400
16100,42061,44164,18962
16300,42063,89994,38681
16100,42065,46083,19968
19200,42067,20625,10184
18800,42069,219039,10335
19100,42071,422822,22237
16400,42073,96246,41228
19100,42075,113744,59342
19000,42077,291130,15162
18800,42079,328149,15258
18900,42081,118710,56439
18201,42083,47131,21262
16400,42085,121003,53755
19200,42087,46197,21287
18800,42089,95709,47851
19700,42091,678111,37130
18700,42093,17735,8598
19000,42095,247105,12336
18700,42097,96771,44818
19200,42099,41172,20958
19700,42101,1585577,72738
18800,42103,27966,13275
18201,42105,16717,7293
19100,42107,152585,68567
18700,42109,36680,17969
16200,42111,78218,34183
18900,42113,6104,2534
17900,42115,40380,18668
18100,42117,41126,18510
18700,42119,36176,16351
16500,42121,59381,25960
16500,42123,45050,21459
16300,42125,204584,90694
18800,42127,39944,18437
16300,42129,370321,17089
18800,42131,28076,13518
19200,42133,339574,18456
20401,44001,48859,26179
20401,44003,161135,88259
20401,44005,87194,48879
20401,44007,596270,30744
20401,44009,110006,59350
8300,45001,23862,11341
8401,45003,120940,58635
8201,45005,11722,4463
8300,45007,145196,74225
8201,45009,16902,7186
8201,45011,20293,9596
8800,45013,86425,45426
8202,45015,128776,63257
8100,45017,12753,5994
8202,45019,295039,15559
700,45021,44506,22720
900,45023,32170,15447
1301,45025,38577,18643
8000,45027,28450,12163
8202,45029,34377,15341
1302,45031,61851,29239
1302,45033,29114,12768
8202,45035,83060,41520
8401,45037,18375,8855
8100,45039,22295,10330
1302,45041,114344,55066
1302,45043,46302,21137
8300,45045,320167,16988
8300,45047,59567,29519
8201,45049,18191,7637
1302,45051,144053,74975
8800,45053,15487,6598
8000,45055,43599,21860
900,45057,54516,27630
8300,45059,58092,28767
8000,45061,18437,7994
8100,45063,167611,93394
8300,45065,8868,3554
1302,45067,33899,15371
1301,45069,29361,13154
8100,45071,33172,16188
8300,45073,57494,28749
8100,45075,84803,38539
8300,45077,93894,47917
8100,45079,285720,15431
8100,45081,16357,7992
700,45083,226800,11739
8000,45085,102637,50841
700,45087,30337,14743
1302,45089,36815,15800
900,45091,131497,70763
27006,46003,3135,1267
27007,46005,18253,8936
27704,46007,3206,1206
27005,46009,7089,2891
26501,46011,25207,13210
26605,46013,35580,18643
27009,46015,5485,2708
27009,46017,1759,643
27601,46019,7914,3636
26604,46021,1965,920
27008,46023,9131,3746
26504,46025,4403,1880
26503,46027,13186,6831
26504,46029,22698,11615
26603,46031,4195,1472
27601,46033,6179,3022
27006,46035,17503,8744
26602,46037,6978,2891
26504,46039,4522,2044
27602,46041,5523,2159
27008,46043,3746,1494
26605,46045,4356,2004
27601,46047,7353,3160
26605,46049,2744,1227
26601,46051,8372,3992
27004,46053,5359,2390
27603,46055,2624,1091
26504,46057,4974,2052
27010,46059,4272,1959
27006,46061,2994,1490
26401,46063,1669,810
27011,46065,14817,8075
27008,46067,8262,3755
27010,46069,1696,800
27603,46071,2811,1120
27007,46073,2425,1070
27604,46075,1324,635
26501,46077,5925,2609
26502,46079,10550,5217
27601,46081,20655,10366
26503,46083,15427,8085
27009,46085,3638,1742
26503,46087,5688,2601
26605,46089,3228,1397
26602,46091,4844,2153
27601,46093,21878,10733
27605,46095,2137,784
26502,46097,3272,1477
26503,46099,123809,68455
26501,46101,6507,3113
27601,46103,81343,42234
26404,46105,3932,2094
27012,46107,3190,1482
26602,46109,9914,4241
27006,46111,2833,1221
27704,46113,9902,2853
26605,46115,7981,3483
27011,46117,2453,1335
27011,46119,1589,840
27605,46121,8352,2695
27004,46123,6924,3186
26503,46125,8576,3892
28001,46127,10189,4893
26604,46129,6087,2887
27005,46135,19252,9684
27602,46137,2220,772
302,47001,68250,32886
5700,47003,30411,15472
5800,47005,14524,6606
6402,47007,9669,3969
302,47009,85969,41934
6502,47011,73712,38541
302,47013,35079,13794
5600,47015,10467,5221
5800,47017,27514,12979
100,47019,51505,24411
5600,47021,27140,14227
4901,47023,12819,6041
301,47025,26137,11064
5402,47027,7238,3406
200,47029,29141,13996
5700,47031,40339,19171
4901,47033,13378,6218
6402,47035,34736,15372
5600,47037,510784,27930
4903,47039,10472,4632
6301,47041,14360,6990
5800,47043,35061,17188
4902,47045,34854,16835
5202,47047,25559,11543
6402,47049,14669,6351
5700,47051,34725,16642
4901,47053,46315,21757
5500,47055,25741,12248
200,47057,17095,7889
100,47059,55853,28320
6401,47061,13362,5430
200,47063,50480,25669
6401,47065,285536,14283
301,47067,6739,2261
4901,47069,23377,9839
5100,47071,22633,10274
100,47073,44565,20894
4902,47075,19437,8481
4903,47077,21844,10781
5800,47079,27888,12488
5500,47081,16754,7500
5900,47083,7018,2937
5800,47085,15795,7270
6302,47087,9297,4251
200,47089,33016,16413
1001,47091,13766,6055
302,47093,335749,17351
4902,47095,7129,2733
4902,47097,23491,10208
6200,47099,35303,16318
5500,47101,9247,4188
6000,47103,28157,14030
302,47105,31255,15708
6502,47107,42383,20480
5100,47109,22422,10192
5600,47111,15906,7767
4901,47113,77982,37966
6401,47115,24860,11588
5500,47117,21539,11142
5500,47119,54812,27324
6502,47121,8033,3692
6502,47123,30541,14046
5900,47125,100498,54159
5700,47127,4721,2539
302,47129,17300,6913
25300,47131,31717,15232
6302,47133,17636,8410
4903,47135,6612,2916
6302,47137,4548,2030
6502,47139,13643,6333
6302,47141,51373,26072
6402,47143,24344,11227
302,47145,47227,22354
5600,47147,41494,20919
5600,47149,118570,64199
4602,47151,18358,7147
6401,47153,8863,4222
200,47155,51043,26809
5202,47157,826330,41608
5600,47159,14143,6877
5900,47161,9479,4291
100,47163,143596,69733
5600,47165,103281,54248
5202,47167,37568,17589
5600,47169,5920,2959
100,47171,16549,7587
302,47173,13694,6293
6301,47175,4846,2288
6301,47177,32992,16813
100,47179,92315,46083
6200,47181,13935,6572
25300,47183,31972,15805
6301,47185,20090,9795
5600,47187,81021,42578
5600,47189,67675,35980
33300,48001,48024,17073
31401,48003,14338,6196
32201,48005,69884,30792
31700,48007,17892,7355
32601,48009,7973,3707
30903,48011,2021,868
31301,48013,30533,12383
32000,48015,19832,8970
30902,48017,7064,3379
31301,48019,10562,4778
31201,48021,38263,18196
32603,48023,4385,1978
31302,48025,25135,10604
32900,48027,191088,96935
31301,48029,1185394,57490
31201,48031,5972,2789
32401,48033,799,387
32801,48035,15125,6339
33500,48037,81665,36950
31900,48039,191707,91490
31800,48041,121862,60181
31404,48043,8681,4116
30906,48045,1971,858
31700,48047,8204,3080
32701,48049,34371,14811
31800,48051,13625,5888
31202,48053,22677,9361
31201,48055,26392,11767
31101,48057,19053,8477
32501,48059,11859,5117
31600,48061,260120,99728
33500,48063,9904,4381
30904,48065,6576,2884
33500,48067,29982,12529
30902,48069,9070,3735
32000,48071,20088,9447
33300,48073,41049,17369
32502,48075,5953,2389
32601,48077,10024,4564
30802,48079,4377,1807
32301,48081,3424,1425
32701,48083,9710,3940
33100,48085,264036,15121
30905,48087,3573,1571
31102,48089,18383,7958
31301,48091,51832,24819
32702,48093,13381,5791
32302,48095,3044,1301
33100,48097,30777,14288
32900,48099,64213,32689
32502,48101,2247,972
31401,48103,4652,1994
31403,48105,4078,1762
30802,48107,7304,2913
30605,48109,3407,1598
31007,48111,5461,2460
33100,48113,1852810,10297
32401,48115,14349,5558
30903,48117,19153,8184
33200,48119,4857,2021
33100,48121,273525,16040
31101,48123,18840,7670
32503,48125,2571,1081
31501,48127,10433,3569
30906,48129,3696,1578
31700,48131,12918,4453
32501,48133,18488,7507
31401,48135,118934,54222
32304,48137,2266,915
33100,48139,85167,41929
30601,48141,591610,25862
32702,48143,27991,13441
32801,48145,17712,7018
33902,48147,24804,10731
31102,48149,20095,9232
32402,48151,4842,2048
30908,48153,8497,3618
32604,48155,1794,805
32000,48157,225421,11585
33500,48159,7802,3273
32802,48161,15818,6771
31502,48163,13472,5420
30801,48165,14123,5888
32000,48167,217399,10779
30802,48169,5143,2144
31303,48171,17204,7687
32401,48173,1447,583
31101,48175,5980,2489
31103,48177,17205,7565
30904,48179,23967,10683
33902,48181,95021,45156
33400,48183,104948,50424
31800,48185,18828,7143
31301,48187,64873,32125
30908,48189,34671,15732
30906,48191,3905,1627
32702,48193,7733,3297
31005,48195,5848,2620
32604,48197,5283,2171
32100,48199,41320,18216
32000,48201,2818199,14866
33400,48203,57483,25028
31007,48205,3634,1695
32503,48207,6820,2866
31201,48209,65614,33216
30904,48211,3720,1739
33300,48213,58543,24492
31600,48215,383545,14274
32801,48217,27146,11517
30802,48219,24199,10674
33000,48221,28981,13037
33200,48223,28833,13445
32201,48225,21375,8269
32401,48227,32343,13234
30601,48229,2915,1227
33200,48231,64343,30899
30904,48233,25689,10610
32301,48235,1629,742
32602,48237,6981,2912
31101,48239,13039,5410
32100,48241,31102,11864
31404,48243,1946,865
32100,48245,239397,10788
31503,48247,5109,2029
31700,48249,37679,14819
33000,48251,97165,48006
32501,48253,16490,7127
31302,48255,12455,4948
33100,48257,52220,24425
31301,48259,14589,7277
31700,48261,460,225
32403,48263,1010,445
31303,48265,36304,15231
32303,48267,4122,1950
32503,48269,354,196
32305,48271,3119,1037
31700,48273,30274,13323
32503,48275,4837,1929
33200,48277,43949,19479
30902,48279,15072,6001
32900,48281,13521,6408
31502,48283,5254,2172
31101,48285,18690,8317
31201,48287,12854,5822
32802,48289,12665,4988
32000,48291,52726,22273
32802,48293,20946,8720
31005,48295,3143,1385
31301,48297,9556,4007
31202,48299,11631,3764
31402,48301,107,59
30802,48303,222636,11194
30802,48305,6758,2748
32302,48307,8778,3351
32801,48309,189123,88432
31301,48311,817,399
32201,48313,10931,3618
33400,48315,9984,3954
31401,48317,4956,1931
31304,48319,3423,1453
31900,48321,36928,16030
32306,48323,36378,13080
31301,48325,27312,11630
32303,48327,2252,899
31401,48329,106611,52054
31201,48331,22946,9274
32701,48333,4531,1828
32403,48335,8016,3118
33000,48337,17274,7229
32000,48339,182201,88442
31007,48341,17865,8312
33500,48343,13200,5434
30907,48345,1532,647
32202,48347,54753,25183
32802,48349,39926,17589
32100,48351,13569,4863
32402,48353,16594,7298
31700,48355,291145,13551
31005,48357,9128,4294
30903,48359,2278,962
32100,48361,80509,35723
33000,48363,25055,10828
33400,48365,22035,9155
33000,48367,64785,31529
30901,48369,9863,4161
31403,48371,14675,6145
32100,48373,30687,11347
30903,48375,97874,45867
31404,48377,6637,2260
33200,48379,6715,2838
30903,48381,89673,48275
32401,48383,4514,1862
32304,48385,2412,898
33200,48387,14317,5717
31402,48389,15852,6122
31700,48391,7976,3411
30904,48393,1025,524
31800,48395,15511,6051
33100,48397,25604,13764
32302,48399,11294,5022
33400,48401,43735,18607
32202,48403,9586,3328
32202,48405,7999,2987
32000,48407,16372,6156
31700,48409,58749,24691
32701,48411,5401,2101
32301,48413,2990,1184
32403,48415,18634,7744
32501,48417,3316,1467
32202,48419,22034,8469
31006,48421,2858,1346
33300,48423,151309,72164
33000,48425,5360,2326
31600,48427,40518,13893
32501,48429,9010,3672
32301,48431,1438,622
32503,48433,2013,834
32304,48435,4135,1957
30908,48437,8133,3581
33000,48439,1170103,64122
32501,48441,119655,59024
32305,48443,1410,642
30801,48445,13218,5472
32602,48447,1880,817
33500,48449,24009,10706
32301,48451,98458,49137
31201,48453,576407,32660
32201,48455,11445,4315
32100,48457,16646,6245
33400,48459,31370,13795
31401,48461,4447,1875
32304,48463,23340,9663
32305,48465,38721,16243
33300,48467,37944,15944
31101,48469,74361,34790
32201,48471,50917,19627
32000,48473,23390,10723
31402,48475,13115,5310
32000,48477,26154,12426
31503,48479,133239,51870
31900,48481,39955,18252
30905,48483,5879,2634
32601,48485,122378,61577
32604,48487,15121,6894
31600,48489,17705,6543
31201,48491,139551,74930
31301,48493,22650,10134
31402,48495,8626,3407
33000,48497,34679,15426
33300,48499,29380,12189
30801,48501,8786,3737
32602,48503,18126,8349
31503,48505,9279,2994
31501,48507,12162,4522
35901,49001,4765,1760
36200,49003,36485,15502
36200,49005,70183,32215
35902,49007,20228,8288
36404,49009,690,307
36100,49011,187941,85700
36402,49013,12645,4863
35902,49015,10332,4018
35904,49017,3980,1667
35903,49019,6620,3010
35901,49021,20789,9020
36000,49023,5817,2522
35401,49025,5169,2106
36000,49027,11333,4437
36100,49029,5528,2358
35904,49031,1277,463
36404,49033,1725,664
36100,49035,725956,35111
35402,49037,12621,4517
35902,49039,16259,5945
35904,49041,15431,6001
36100,49043,15518,8098
36100,49045,26601,12345
36402,49047,22211,8426
36000,49049,263590,11112
36100,49051,10089,4620
35901,49053,48560,18124
35905,49055,2177,856
36100,49057,158330,74427
20200,50001,32953,17649
20902,50003,35845,18390
20301,50005,27846,13984
20200,50007,131761,76107
20301,50009,6405,2868
20200,50011,39980,20294
20200,50013,5318,2748
20200,50015,19735,10600
20302,50017,26149,13840
20301,50019,24053,11641
20200,50021,62142,32694
20302,50023,54928,29234
20700,50025,41588,22504
20302,50027,54055,28866
19903,51001,31703,14936
17600,51003,68040,35451
17300,51005,13176,6491
2400,51007,8787,4361
2300,51009,28578,13937
2300,51011,12298,6123
11304,51013,170936,11357
17300,51015,54677,28671
17300,51017,4799,2450
2300,51019,45656,24297
11201,51021,6514,2870
16600,51023,24992,13377
2200,51025,15987,6891
11201,51027,31333,11022
17600,51029,12873,5433
2300,51031,47572,25330
11301,51033,19217,9684
602,51035,26594,13226
2400,51036,6282,3330
2200,51037,11688,5507
2400,51041,209274,11799
17502,51043,12101,6352
16600,51045,4372,2205
17600,51047,27791,14168
2200,51049,7825,3739
11203,51051,17620,5916
2400,51053,20960,10934
11303,51057,8689,4297
11304,51059,818584,49905
11304,51061,48741,27262
16600,51063,12005,5923
17600,51065,12429,6421
16600,51067,39549,20720
17502,51069,45723,24986
16600,51071,16366,8126
2500,51073,30131,15224
2400,51075,14163,7278
602,51077,16278,8226
17600,51079,10297,5622
2600,51081,8853,4155
2200,51083,29033,14455
2400,51085,63306,35378
2400,51087,217881,12429
402,51089,56942,30681
17300,51091,2635,1333
2500,51093,25053,12610
2500,51095,34859,18571
2400,51097,6289,3058
11301,51099,13527,7319
2400,51101,10913,5677
11303,51103,10896,4774
11203,51105,24496,8841
11304,51107,86129,51881
17600,51109,20325,10151
2200,51111,11419,5370
17600,51113,11949,5807
2500,51115,8348,4022
2200,51117,29241,14011
2500,51119,8653,3997
16600,51121,73913,36486
17300,51125,12778,6131
2400,51127,10445,5520
19903,51131,13061,5575
11303,51133,10524,4550
2200,51135,14993,6557
17600,51137,21421,10820
17200,51139,21690,10406
402,51141,17473,9148
500,51143,55655,28758
2400,51145,15328,7369
2200,51147,17320,7554
2400,51149,27394,15037
11304,51153,215686,12835
16600,51155,34496,16944
11304,51157,6622,3525
11303,51159,7273,3451
16600,51161,79332,43620
17300,51163,18350,9102
17200,51165,57482,30859
11201,51167,28667,11548
100,51169,23204,9472
17200,51171,31636,16244
100,51173,32370,15336
2500,51175,17550,7964
11301,51177,57403,31042
11301,51179,61236,34462
2500,51181,6145,2888
2400,51183,10248,4858
11201,51185,45960,18446
11304,51187,26142,13572
100,51191,45887,22270
11303,51193,15480,7369
11203,51195,39573,15003
11201,51197,25466,12635
2500,51199,42422,22613
11304,51510,111183,75653
2300,51515,6073,2711
100,51520,18426,8451
17300,51530,6406,3149
17600,51540,40341,21281
2000,51550,151976,79979
17300,51560,4679,1853
2400,51570,16064,8535
17300,51580,6991,3094
500,51590,53056,25513
2600,51595,5306,2436
11304,51600,19622,12325
11304,51610,9578,5903
2500,51620,7864,3500
11301,51630,19027,10063
602,51640,6670,3358
2500,51650,133793,71440
17200,51660,30707,15493
2400,51670,23101,11509
17300,51678,6959,2732
2300,51680,66049,31515
11304,51683,27957,16466
11304,51685,6734,3880
402,51690,16162,7859
2500,51700,170045,89522
2000,51710,261229,14180
11203,51720,4247,1662
2400,51730,38386,17896
2500,51735,11005,5938
2000,51740,103907,48845
16600,51750,15940,6727
2400,51760,203056,10302
16600,51770,96397,48142
16600,51775,23756,12384
2200,51780,6997,3294
17300,51790,24461,11622
2000,51800,52141,24583
2000,51810,393069,22524
17300,51820,18549,9055
2500,51830,11530,5257
17502,51840,21947,11994
38501,53001,13603,6232
38401,53003,17605,7774
39100,53005,112560,55932
38502,53007,52250,24982
39303,53009,56464,22942
38801,53011,238053,11823
39100,53013,4024,1831
38700,53015,82119,37025
38502,53017,26205,12725
38602,53019,6295,2760
39100,53021,37473,17113
38401,53023,2248,994
38501,53025,54758,24207
38700,53027,64175,26978
39400,53029,60195,29747
39303,53031,20146,8296
39400,53033,1507319,85666
39400,53035,189731,94888
39000,53037,26725,12845
38802,53039,16616,7236
39400,53041,59358,25539
38601,53043,8864,3777
39400,53045,38341,15397
38602,53047,33350,15185
38700,53049,18882,7442
38601,53051,8915,3347
39400,53053,586203,29328
39301,53055,10035,4610
39400,53057,79555,36438
38801,53059,8289,3725
39400,53061,465642,24670
38601,53063,361364,17374
38602,53065,30948,13013
39400,53067,161238,82210
38700,53069,3327,1597
39100,53071,48439,22752
39302,53073,127780,64846
38402,53075,38775,18008
39000,53077,188823,86041
16701,54001,15699,5980
17400,54003,59253,29362
16901,54005,25870,8541
16802,54007,12998,4846
15500,54009,26992,11697
17100,54011,96827,42697
16902,54013,7885,2815
16901,54015,9983,2940
16702,54017,6994,2704
16801,54019,47952,16656
16802,54021,7669,2696
17501,54023,10428,4762
16801,54025,34693,14941
17502,54027,16498,7091
15500,54029,35233,15526
17501,54031,10977,5129
16702,54033,69371,28825
15300,54035,25938,10756
17400,54037,35926,18540
16901,54039,207619,94430
16703,54041,17223,7119
16901,54043,21382,7054
16901,54045,43032,14511
11202,54047,35233,9526
16702,54049,57249,23655
15600,54051,37356,15675
15800,54053,25178,9869
11201,54055,64980,26184
17501,54057,26697,11862
17000,54059,33739,9949
16702,54061,75509,35691
16600,54063,12406,5152
17400,54065,12128,5605
16802,54067,26775,9942
15600,54069,50871,23721
17200,54071,8054,3666
15300,54073,7546,3071
16701,54075,9008,3968
16702,54077,29037,11776
16901,54079,42835,19460
16801,54081,76819,28469
16701,54083,27803,11328
15300,54085,10233,4251
16902,54087,15120,5778
16801,54089,14204,4568
16702,54091,15144,6049
16701,54093,7728,3213
15600,54095,9796,3991
16703,54097,22867,9266
17100,54099,41636,16344
16802,54101,10729,3322
15600,54103,19258,7627
15300,54105,5192,2147
15300,54107,86915,40446
11202,54109,28990,8843
22700,55001,15682,6313
21001,55003,16307,7345
21101,55005,40750,19772
21001,55007,14008,6405
22601,55009,194594,10412
22800,55011,13584,6776
21102,55013,13084,5732
22500,55015,34291,18143
22800,55017,52360,25474
22700,55019,31647,14751
23100,55021,45088,22911
23000,55023,15940,7580
23100,55025,367085,21524
24100,55027,76559,38034
22601,55029,25690,12730
26002,55031,41758,19626
22800,55033,35909,18121
22800,55035,85183,43493
11402,55037,4590,2114
22500,55039,90083,46877
21004,55041,8776,3629
23000,55043,49264,24488
23000,55045,30339,16195
22500,55047,18651,9179
23100,55049,20150,10746
21003,55051,6153,2642
22800,55053,16588,7898
24100,55055,67783,36664
22900,55057,21650,10201
24000,55059,128181,64569
22601,55061,18878,9660
22900,55063,97904,52578
23000,55065,16076,8102
22602,55067,19505,8788
22700,55069,26993,13275
22400,55071,80421,40468
22700,55073,115400,60160
11402,55075,40548,18623
23100,55077,12321,5530
22602,55078,3890,1224
24100,55079,959275,48056
22900,55081,36633,17747
22601,55083,30226,14149
21004,55085,31679,14922
22500,55087,140510,74152
24100,55089,72831,40203
22800,55091,7107,3293
21501,55093,32765,18181
21102,55095,34773,16574
22700,55097,61405,31794
21001,55099,15600,7127
24000,55101,175034,89522
23100,55103,17521,8473
24000,55105,139510,72383
21101,55107,15079,6860
21501,55109,50251,26817
23100,55111,46975,24491
21101,55113,14181,5932
22602,55115,37157,17792
22400,55117,103877,54393
22700,55119,18901,9340
22800,55121,25263,12631
22900,55123,25617,12161
21004,55125,17707,7720
24000,55127,75000,39722
21101,55129,13772,6149
24100,55131,95328,52170
24100,55133,304715,16953
22500,55135,46104,22214
22500,55137,19385,8729
22500,55139,140320,73654
22700,55141,73605,36447
28704,56001,30797,15761
34301,56003,10525,4518
34601,56005,29370,15327
34602,56007,16659,8031
34603,56009,11128,5475
34601,56011,5294,2511
34303,56013,33662,15206
27703,56015,12373,5887
34302,56017,4809,2336
34304,56019,6145,3060
27702,56021,73142,38663
36404,56023,12625,5349
34603,56025,61226,30471
34604,56027,2499,1137
34301,56029,23178,11535
27703,56031,8145,3791
34304,56033,23562,11508
36404,56035,4843,2417
36404,56037,38823,19123
36303,56039,11172,6765
36404,56041,18705,8839
34302,56043,8388,3963
34601,56045,6518,3181
