"state","puma12","puma2k","intptlon","intptlat","pop10","afact","AFACT2"
"FIPS state","puma12","puma2k","Wtd centroid W longitude, degrees","Wtd centroid latitude, degrees","Total Pop, 2010 census","puma12 to puma2k alloc factor","puma2k to puma12 alloc factor"
"06","01500","00100",-122.179982,41.274095,118091,0.855124,1 
"06","02300","00200",-124.087225,40.752982,134623,1,1 
"06","08900","00300",-122.299786,40.580269,177223,1,1 
"06","03300","00400",-123.116475,39.15305,152506,1,1 
"06","01100","00500",-122.279898,39.914522,126790,1,1 
"06","00701","00600",-121.835513,39.74616,111389,1,0.506299 
"06","00702","00600",-121.576785,39.589943,108611,1,0.493673 
"06","10100","00600",-121.336979,39.463712,6,0.000036,0.000027 
"06","01500","00700",-120.826471,39.983857,20007,0.144875,0.163977 
"06","05700","00700",-120.900318,39.23201,102004,1,0.836023 
"06","10100","00800",-121.584735,39.136923,166886,0.999964,1 
"06","11300","00900",-121.72116,38.598913,200849,1,1 
"06","05500","01000",-122.321752,38.329076,136484,1,1 
"06","09701","01101",-122.762773,38.467484,179083,1,1 
"06","09702","01102",-122.659602,38.289656,120153,1,1 
"06","09703","01103",-122.719553,38.443251,184642,1,1 
"06","04101","01201",-122.57991,38.057472,104847,1,1 
"06","04102","01202",-122.523799,37.936424,147562,1,1 
"06","09501","01301",-122.218669,38.105252,144838,1,1 
"06","09502","01302",-122.042983,38.256297,138815,1,1 
"06","09503","01303",-121.9302,38.358962,129691,1,1 
"06","06705","01401",-121.507264,38.640506,103525,0.993112,0.553657 
"06","06706","01401",-121.44659,38.635356,51092,0.43805,0.273242 
"06","06707","01401",-121.485155,38.575537,32367,0.284675,0.1731 
"06","06703","01402",-121.365105,38.643081,58,0.00053,0.000551 
"06","06704","01402",-121.384096,38.638684,38,0.000317,0.000361 
"06","06707","01402",-121.427311,38.572623,41388,0.364017,0.393392 
"06","06708","01402",-121.437582,38.532023,63724,0.478919,0.605695 
"06","06707","01403",-121.49596,38.541466,31457,0.276671,0.180475 
"06","06708","01403",-121.465774,38.50531,3903,0.029333,0.022392 
"06","06709","01403",-121.480877,38.48234,137826,1,0.790735 
"06","06710","01403",-121.433565,38.440617,1082,0.007088,0.006208 
"06","06711","01403",-121.50009,38.45899,33,0.00031,0.000189 
"06","06704","01501",-121.360467,38.679253,76750,0.641197,0.536672 
"06","06705","01501",-121.56488,38.651629,718,0.006888,0.005021 
"06","06706","01501",-121.389424,38.710041,65543,0.561949,0.458307 
"06","06701","01502",-121.288574,38.690659,105079,1,1 
"06","06702","01503",-121.239617,38.587831,15622,0.140906,0.092819 
"06","06703","01503",-121.296461,38.644255,44470,0.406601,0.264221 
"06","06712","01503",-121.172583,38.673656,108214,0.991243,0.64296 
"06","06702","01504",-121.321221,38.585652,49587,0.447262,0.299032 
"06","06703","01504",-121.354532,38.616816,64842,0.592868,0.391026 
"06","06704","01504",-121.400848,38.601187,42910,0.358485,0.258767 
"06","06707","01504",-121.404041,38.589481,8486,0.074636,0.051174 
"06","06708","01505",-121.434329,38.502149,63712,0.478829,0.347259 
"06","06710","01505",-121.406235,38.425388,92061,0.603117,0.501774 
"06","06711","01505",-121.39063,38.467074,27698,0.260072,0.150967 
"06","06702","01506",-121.316005,38.564552,45659,0.411832,0.245945 
"06","06708","01506",-121.339479,38.497459,1719,0.012919,0.00926 
"06","06710","01506",-121.415929,38.403104,59499,0.389794,0.320495 
"06","06711","01506",-121.313216,38.362628,78770,0.739617,0.4243 
"06","06101","01601",-121.374205,38.792919,8762,0.070584,0.046993 
"06","06102","01601",-121.267992,38.856194,65859,0.585595,0.353222 
"06","06103","01601",-120.968499,38.949279,111831,1,0.599784 
"06","06101","01602",-121.297105,38.758458,115374,0.929416,0.712273 
"06","06102","01602",-121.252704,38.799341,46606,0.414404,0.287727 
"06","01700","01700",-120.743936,38.746544,181058,1,0.994748 
"06","06712","01700",-121.092125,38.658568,956,0.008757,0.005252 
"06","00300","01800",-120.151374,37.971092,191208,1,1 
"06","07702","01901",-121.289703,37.943663,123551,0.812782,0.992712 
"06","07704","01901",-121.307699,37.905307,907,0.005536,0.007288 
"06","07701","01902",-121.323964,38.017471,153232,0.880962,0.980804 
"06","07704","01902",-121.269757,38.039846,2999,0.018306,0.019196 
"06","07703","02001",-121.34872,37.766817,195536,1,0.909431 
"06","07704","02001",-121.138888,37.757049,19473,0.118866,0.090568 
"06","07701","02002",-121.30342,38.026742,20705,0.119037,0.109199 
"06","07702","02002",-121.288975,37.964464,28459,0.187218,0.150094 
"06","07704","02002",-121.230371,38.059095,140444,0.857291,0.740707 
"06","01301","02101",-122.344464,37.941964,114768,0.999921,0.877841 
"06","01302","02101",-122.335115,37.982446,15971,0.134582,0.122159 
"06","01301","02102",-122.317144,37.938602,9,0.000078,0.000075 
"06","01302","02102",-122.292867,37.970844,102700,0.865417,0.854701 
"06","01303","02102",-122.239726,38.018264,17450,0.134619,0.145224 
"06","01303","02103",-122.084693,37.977083,91188,0.703475,0.846002 
"06","01304","02103",-122.089334,37.954166,106,0.0009,0.000983 
"06","01306","02103",-122.047838,37.942353,13212,0.117742,0.122575 
"06","01307","02103",-121.990358,38.027005,3281,0.027234,0.03044 
"06","01304","02104",-122.109148,37.884418,100105,0.849903,0.672324 
"06","01306","02104",-122.031614,37.913139,48789,0.434797,0.327676 
"06","01304","02105",-122.004539,37.849218,17573,0.149197,0.123616 
"06","01305","02105",-121.940998,37.779698,124585,1,0.876384 
"06","01303","02106",-122.036755,37.976918,20987,0.161905,0.161057 
"06","01306","02106",-121.978711,37.950328,50210,0.44746,0.385318 
"06","01307","02106",-121.989329,37.981588,41216,0.342115,0.316297 
"06","01308","02106",-121.806647,37.964137,17895,0.166911,0.137328 
"06","01307","02107",-121.908522,38.016312,75977,0.630651,0.690097 
"06","01308","02107",-121.8261,37.998862,34119,0.318236,0.309902 
"06","01308","02108",-121.776203,37.978872,55199,0.514853,0.347417 
"06","01309","02108",-121.694979,37.952395,103685,1,0.652583 
"06","07501","02201",-122.460109,37.780429,136936,1,1 
"06","07502","02202",-122.419705,37.797854,107027,1,1 
"06","07503","02203",-122.408102,37.77289,129066,1,1 
"06","07504","02204",-122.428736,37.75656,106640,1,1 
"06","07505","02205",-122.48111,37.754271,105336,1,1 
"06","07506","02206",-122.45923,37.726157,110830,1,1 
"06","07507","02207",-122.411882,37.722388,109400,1,1 
"06","08101","02301",-122.474544,37.668746,137229,0.999505,0.99997 
"06","08102","02301",-122.436346,37.671193,4,0.000034,0.000029 
"06","08101","02302",-122.454125,37.650769,68,0.000495,0.000579 
"06","08102","02302",-122.430658,37.648735,117376,0.999966,0.999148 
"06","08103","02302",-122.405672,37.613164,32,0.000307,0.000272 
"06","08103","02303",-122.356161,37.578551,104209,0.99953,1 
"06","08103","02304",-122.332104,37.545408,17,0.000163,0.000143 
"06","08104","02304",-122.326624,37.525009,118633,0.999402,0.999856 
"06","08104","02305",-122.271985,37.532184,71,0.000598,0.000558 
"06","08105","02305",-122.254665,37.494005,127245,1,0.999442 
"06","08106","02306",-122.185351,37.455299,113567,1,1 
"06","00101","02401",-122.273939,37.873001,131119,1,1 
"06","00102","02402",-122.259797,37.810066,158091,1,1 
"06","00103","02403",-122.211711,37.811064,125220,0.999928,1 
"06","00104","02404",-122.190464,37.764938,124571,0.999703,0.999992 
"06","00105","02404",-122.170143,37.731871,1,6E-6,8E-6 
"06","00104","02405",-122.180804,37.725686,37,0.000297,0.000226 
"06","00105","02405",-122.200996,37.73419,163533,0.999994,0.999774 
"06","00103","02406",-122.163981,37.80158,9,0.000072,0.000067 
"06","00106","02406",-122.094041,37.691512,134752,1,0.999933 
"06","00107","02407",-122.076025,37.644562,145655,1,1 
"06","00108","02408",-122.042322,37.567673,135402,1,1 
"06","00109","02409",-121.975623,37.542074,189764,1,1 
"06","00110","02410",-121.836133,37.686574,202117,1,1 
"06","09901","02500",-120.989479,37.607125,108,0.000951,0.000535 
"06","09902","02500",-121.022071,37.660979,96138,0.811647,0.476176 
"06","09903","02500",-121.047203,37.700363,270,0.001551,0.001337 
"06","09904","02500",-120.958074,37.665706,105380,0.972777,0.521952 
"06","09901","02601",-120.951719,37.594729,58687,0.516806,0.355113 
"06","09902","02601",-120.992265,37.611393,11746,0.099166,0.071075 
"06","09903","02601",-120.848252,37.519893,94830,0.544627,0.573812 
"06","09901","02602",-121.099864,37.49679,54762,0.482242,0.371787 
"06","09902","02602",-121.024519,37.628359,10564,0.089187,0.07172 
"06","09903","02602",-120.887384,37.726662,79019,0.453822,0.536471 
"06","09904","02602",-120.971466,37.65154,2949,0.027223,0.020021 
"06","08501","02701",-122.110897,37.401846,195320,1,1 
"06","08502","02702",-122.024565,37.369617,144475,0.985377,1 
"06","08502","02703",-121.970397,37.42754,2144,0.014623,0.016662 
"06","08503","02703",-121.962597,37.363716,126534,0.971283,0.983338 
"06","08504","02704",-121.885573,37.416158,128989,1,1 
"06","08505","02705",-121.81858,37.362195,106040,1,1 
"06","08506","02706",-121.610399,37.069287,110301,1,0.963554 
"06","08512","02706",-121.764702,37.224335,4172,0.039583,0.036445 
"06","08507","02707",-122.01149,37.28229,132926,0.973424,1 
"06","08503","02708",-121.943659,37.333259,3741,0.028716,0.028707 
"06","08508","02708",-121.975342,37.298094,126575,0.948681,0.971292 
"06","08509","02709",-121.896708,37.334006,121804,1,1 
"06","08508","02710",-121.933233,37.284203,6847,0.051318,0.043525 
"06","08510","02710",-121.8763,37.297733,150464,1,0.956474 
"06","08507","02711",-121.933455,37.239843,3629,0.026575,0.034973 
"06","08511","02711",-121.877388,37.258917,100137,0.960804,0.965027 
"06","08511","02712",-121.859915,37.25278,4085,0.039195,0.038789 
"06","08512","02712",-121.841952,37.230672,101227,0.960417,0.96121 
"06","08513","02713",-121.792065,37.288531,108883,1,0.937459 
"06","08514","02713",-121.807327,37.304302,7264,0.070286,0.062541 
"06","08514","02714",-121.840754,37.345276,96085,0.929714,1 
"06","08701","02801",-121.930251,36.998789,10422,0.073421,0.08212 
"06","08702","02801",-121.988999,36.974413,116490,0.967259,0.91788 
"06","08701","02802",-121.89397,36.995519,131527,0.926579,0.970894 
"06","08702","02802",-121.840239,36.921852,3943,0.03274,0.029106 
"06","05302","02900",-121.635656,36.690501,148111,0.907526,1 
"06","05301","03001",-121.859038,36.613112,122921,0.702538,0.999983 
"06","05302","03001",-121.702866,36.628044,2,0.000012,0.000016 
"06","05301","03002",-121.71071,36.736977,52046,0.297462,0.261154 
"06","05302","03002",-121.634293,36.728113,15090,0.092462,0.075718 
"06","05303","03002",-121.335401,36.556414,132156,1,0.663127 
"06","04701","03100",-120.785665,37.212905,104190,0.995918,0.408003 
"06","04702","03100",-120.51245,37.328817,151176,1,0.591997 
"06","03900","03200",-120.006567,37.043099,150865,1,1 
"06","01901","03301",-119.780978,36.693366,42,0.00029,0.000128 
"06","01903","03301",-119.749597,36.779023,84234,0.826796,0.256691 
"06","01904","03301",-119.823076,36.765251,149345,0.877777,0.455108 
"06","01905","03301",-119.734805,36.73088,93459,0.863945,0.284803 
"06","01906","03301",-119.660877,36.7828,1073,0.010454,0.00327 
"06","01902","03302",-119.806465,36.838632,150213,0.865038,1 
"06","01901","03401",-120.002748,36.55477,144682,0.99971,0.8883 
"06","01902","03401",-119.916302,36.815733,2410,0.013879,0.014797 
"06","01904","03401",-119.871925,36.755495,15356,0.090255,0.094281 
"06","04701","03401",-120.607029,36.977184,427,0.004082,0.002622 
"06","01902","03402",-119.785768,36.848871,21026,0.121083,0.072595 
"06","01903","03402",-119.725786,36.775641,17646,0.173204,0.060925 
"06","01904","03402",-119.805744,36.79796,5439,0.031968,0.018779 
"06","01905","03402",-119.710602,36.724286,14718,0.136055,0.050815 
"06","01906","03402",-119.689225,36.82229,101569,0.989546,0.350678 
"06","01907","03402",-119.48706,36.685427,129238,1,0.446208 
"06","10701","03501",-119.311288,36.329435,135978,1,1 
"06","10702","03502",-119.186394,36.138869,143634,0.960885,1 
"06","10702","03503",-118.967984,36.0666,5847,0.039115,0.035967 
"06","10703","03503",-119.214013,36.293235,156720,1,0.964033 
"06","03100","03600",-119.728977,36.24275,152982,1,1 
"06","07901","03701",-120.891785,35.395265,35518,0.217836,0.274928 
"06","07902","03701",-120.659396,35.566272,93672,0.878823,0.725071 
"06","07901","03702",-120.61587,35.172902,127531,0.782164,0.908036 
"06","07902","03702",-120.625915,35.246838,12916,0.121177,0.091963 
"06","02901","03800",-119.1335,35.354109,10363,0.054553,0.031417 
"06","02902","03800",-119.085155,35.339805,173696,0.866876,0.526591 
"06","02903","03800",-118.976783,35.383753,88019,0.567337,0.266845 
"06","02904","03800",-119.014484,35.315157,57629,0.534344,0.174713 
"06","02905","03800",-119.000727,35.406752,143,0.000768,0.000434 
"06","02901","03901",-119.299151,35.542623,154390,0.812741,1 
"06","02904","03902",-118.91572,35.259924,20585,0.190867,0.119103 
"06","02905","03902",-118.234458,35.266517,152249,0.817203,0.880897 
"06","02901","03903",-119.13356,35.381778,25209,0.132705,0.138101 
"06","02902","03903",-119.100844,35.373153,26674,0.133124,0.146127 
"06","02903","03903",-118.951209,35.375981,67125,0.432662,0.367728 
"06","02904","03903",-118.994645,35.323828,29636,0.274789,0.162353 
"06","02905","03903",-119.028116,35.42345,33896,0.181938,0.185691 
"06","07112","04000",-117.682082,34.053859,17,0.000141,0.000104 
"06","07113","04000",-117.634154,34.054589,162034,0.968668,0.98847 
"06","07114","04000",-117.652744,34.021564,1873,0.012067,0.011426 
"06","07104","04100",-117.629026,34.163571,115,0.001042,0.000714 
"06","07111","04100",-117.573949,34.122177,160979,0.97459,0.999286 
"06","07104","04200",-117.485757,34.172072,142,0.001287,0.000808 
"06","07109","04200",-117.440274,34.140463,9327,0.085999,0.05306 
"06","07110","04200",-117.435023,34.09506,80273,0.756351,0.456665 
"06","07115","04200",-117.476868,34.095043,86039,0.732658,0.489467 
"06","07104","04300",-117.343321,34.193308,11393,0.103277,0.055109 
"06","07106","04300",-117.279995,34.054814,3563,0.034706,0.017235 
"06","07107","04300",-117.242849,34.124175,37961,0.357149,0.183622 
"06","07108","04300",-117.307538,34.131544,153447,0.905906,0.74224 
"06","07109","04300",-117.355252,34.109497,371,0.003421,0.001795 
"06","07112","04401",-117.694403,34.052607,5854,0.048386,0.035601 
"06","07113","04401",-117.65522,34.011268,5241,0.031332,0.031873 
"06","07114","04401",-117.703565,33.994142,153339,0.987932,0.932526 
"06","07111","04402",-117.619107,34.122595,43,0.00026,0.000373 
"06","07112","04402",-117.672709,34.098901,115115,0.951474,0.999626 
"06","07106","04403",-117.334585,34.058667,76042,0.740709,0.337471 
"06","07108","04403",-117.323562,34.087886,1224,0.007226,0.005432 
"06","07109","04403",-117.381925,34.109358,93244,0.859748,0.413813 
"06","07110","04403",-117.417174,34.08822,25859,0.243649,0.114761 
"06","07115","04403",-117.479826,34.090424,28960,0.246607,0.128523 
"06","07105","04404",-117.122717,34.049334,137401,1,0.625391 
"06","07106","04404",-117.249063,34.04962,23056,0.224584,0.104941 
"06","07107","04404",-117.222086,34.121663,59247,0.557414,0.269667 
"06","07101","04405",-116.512679,34.528063,139447,1,0.799237 
"06","07103","04405",-117.247725,34.556118,5565,0.033314,0.031896 
"06","07104","04405",-116.920673,34.256517,29463,0.267081,0.168867 
"06","03701","04406",-117.672566,34.186322,2,0.000014,8E-6 
"06","07102","04406",-117.39339,34.483557,26373,0.1628,0.100281 
"06","07103","04406",-117.287636,34.433162,131560,0.787567,0.500245 
"06","07104","04406",-117.399862,34.333029,69159,0.626923,0.262971 
"06","07107","04406",-117.251974,34.148015,9081,0.085437,0.03453 
"06","07108","04406",-117.332423,34.157714,14714,0.086867,0.055949 
"06","07109","04406",-117.392399,34.14381,5513,0.050832,0.020963 
"06","07111","04406",-117.534959,34.151026,4154,0.025149,0.015795 
"06","07115","04406",-117.472953,34.162886,2435,0.020735,0.009259 
"06","07102","04407",-117.353884,34.517573,135623,0.837199,0.819256 
"06","07103","04407",-117.217689,34.52589,29921,0.179118,0.180743 
"06","03701","04500",-118.064558,34.70424,3884,0.027782,0.024804 
"06","03703","04500",-118.150823,34.685868,150941,0.922441,0.963955 
"06","03704","04500",-118.198046,34.638947,1760,0.010714,0.01124 
"06","03701","04600",-118.242136,34.639931,2178,0.015579,0.014335 
"06","03704","04600",-118.101534,34.576534,149757,0.911663,0.985665 
"06","03701","04700",-118.482882,34.456914,12164,0.087009,0.073856 
"06","03702","04700",-118.50941,34.413278,152534,0.810911,0.926143 
"06","03720","04800",-118.324411,34.180166,103325,0.874576,1 
"06","03709","04900",-118.246234,34.22051,952,0.008639,0.004965 
"06","03719","04900",-118.252914,34.16353,190790,1,0.994957 
"06","03720","04900",-118.289199,34.184627,15,0.000127,0.000078 
"06","03709","05000",-118.094322,34.174806,4873,0.044219,0.035506 
"06","03717","05000",-118.104663,34.134682,30,0.000159,0.000219 
"06","03718","05000",-118.134416,34.154304,132340,0.979367,0.964275 
"06","03710","05100",-118.005188,34.064402,5,0.000029,0.000044 
"06","03717","05100",-118.03196,34.094966,1170,0.006187,0.01031 
"06","03737","05100",-118.060292,34.083801,87,0.000677,0.000767 
"06","03738","05100",-118.026685,34.071224,112225,0.854065,0.98888 
"06","03711","05200",-117.743489,34.108855,1352,0.008247,0.009067 
"06","03712","05200",-117.754852,34.060059,146689,0.998598,0.98373 
"06","03713","05200",-117.817159,34.054037,536,0.004888,0.003595 
"06","03714","05200",-117.769053,34.021807,538,0.00493,0.003608 
"06","03737","05300",-118.15521,34.034788,412,0.003208,0.003299 
"06","03740","05300",-118.143597,34.02769,527,0.004097,0.004219 
"06","03741","05300",-118.175781,34.017105,13,0.000091,0.000104 
"06","03743","05300",-118.169233,34.030209,123952,0.999556,0.992378 
"06","03705","05401",-118.564003,34.245344,164102,0.983047,0.938863 
"06","03706","05401",-118.52659,34.270611,69,0.000506,0.000395 
"06","03725","05401",-118.653123,34.184686,10611,0.062985,0.060708 
"06","03726","05401",-118.640628,34.158492,6,0.000059,0.000034 
"06","03705","05402",-118.528796,34.253646,1226,0.007344,0.008842 
"06","03706","05402",-118.473987,34.290505,134946,0.989238,0.97325 
"06","03723","05402",-118.469366,34.255851,2483,0.017578,0.017908 
"06","03707","05403",-118.418777,34.266872,125021,0.828135,0.977849 
"06","03708","05403",-118.41031,34.234888,466,0.003406,0.003645 
"06","03723","05403",-118.420317,34.23642,2366,0.01675,0.018506 
"06","03707","05404",-118.366004,34.266034,23,0.000152,0.000169 
"06","03708","05404",-118.353871,34.232037,136363,0.996565,0.999831 
"06","03706","05405",-118.457541,34.275349,1399,0.010256,0.010374 
"06","03707","05405",-118.450741,34.277998,1100,0.007286,0.008157 
"06","03723","05405",-118.455746,34.233007,132359,0.937035,0.981469 
"06","03721","05406",-118.387548,34.179006,133453,1,1 
"06","03722","05407",-118.449184,34.18738,159037,0.998286,0.991985 
"06","03727","05407",-118.424722,34.153303,1285,0.008495,0.008015 
"06","03722","05408",-118.48729,34.193011,273,0.001714,0.00159 
"06","03723","05408",-118.468957,34.21892,4045,0.028637,0.023563 
"06","03724","05408",-118.528847,34.187033,167320,1,0.974689 
"06","03725","05408",-118.564034,34.171596,27,0.00016,0.000157 
"06","03725","05409",-118.599283,34.191614,157049,0.932213,0.985133 
"06","03726","05409",-118.643015,34.165831,2370,0.023349,0.014866 
"06","03720","05410",-118.345016,34.13394,505,0.004274,0.003071 
"06","03726","05410",-118.548281,34.055608,13492,0.132922,0.082047 
"06","03727","05410",-118.439151,34.116271,149964,0.991379,0.911951 
"06","03731","05410",-118.388576,34.111102,482,0.004447,0.002931 
"06","03728","05411",-118.467368,33.997287,3711,0.036201,0.018598 
"06","03729","05411",-118.433681,34.038445,195651,0.999428,0.980505 
"06","03730","05411",-118.401156,34.030487,147,0.000894,0.000737 
"06","03731","05411",-118.406255,34.053466,32,0.000295,0.00016 
"06","03729","05412",-118.400031,34.040021,112,0.000572,0.000682 
"06","03730","05412",-118.34914,34.058311,164226,0.999087,0.999318 
"06","03720","05413",-118.338802,34.130734,3451,0.02921,0.015717 
"06","03731","05413",-118.359651,34.09757,39401,0.363481,0.179449 
"06","03732","05413",-118.309423,34.094788,176714,1,0.804833 
"06","03733","05414",-118.296683,34.061824,112679,1,1 
"06","03734","05415",-118.269579,34.069596,189232,0.967562,0.99579 
"06","03744","05415",-118.252367,34.057868,795,0.00466,0.004184 
"06","03746","05415",-118.276628,34.03695,5,0.000046,0.000026 
"06","03718","05416",-118.185801,34.136476,9,0.000067,0.00004 
"06","03720","05416",-118.264006,34.122894,10847,0.091812,0.048741 
"06","03734","05416",-118.249949,34.107526,6260,0.032008,0.028129 
"06","03735","05416",-118.201372,34.104662,193764,1,0.870681 
"06","03736","05416",-118.175287,34.117556,6032,0.052572,0.027105 
"06","03744","05416",-118.210411,34.070386,5631,0.03301,0.025303 
"06","03734","05417",-118.22774,34.072416,79,0.000404,0.000481 
"06","03744","05417",-118.22218,34.045784,164157,0.962329,0.999519 
"06","03734","05418",-118.281347,34.038179,5,0.000026,0.000046 
"06","03746","05418",-118.29869,34.03,109033,0.992734,0.999954 
"06","03747","05419",-118.344226,34.017297,158277,1,1 
"06","03728","05420",-118.471018,33.99666,9064,0.08842,0.07493 
"06","03748","05420",-118.422681,33.976746,111902,0.629494,0.92507 
"06","03750","05421",-118.29597,33.97462,165531,0.957308,0.971637 
"06","03751","05421",-118.279259,33.973995,4832,0.032619,0.028363 
"06","03745","05422",-118.261062,34.005983,122254,1,0.969147 
"06","03746","05422",-118.280893,34.019045,793,0.00722,0.006286 
"06","03750","05422",-118.281968,33.998943,3099,0.017922,0.024567 
"06","03750","05423",-118.281714,33.943606,4283,0.02477,0.029021 
"06","03751","05423",-118.260709,33.951079,143301,0.967381,0.970979 
"06","03758","05424",-118.290384,33.878544,10921,0.070948,0.058626 
"06","03761","05424",-118.309193,33.843445,127,0.001013,0.000682 
"06","03767","05424",-118.28882,33.769445,175236,0.988369,0.940692 
"06","03748","05500",-118.373956,33.981304,286,0.001609,0.002608 
"06","03749","05500",-118.346539,33.95629,108716,0.956207,0.991192 
"06","03759","05500",-118.344509,33.935411,680,0.006018,0.0062 
"06","03758","05600",-118.3203,33.879255,86,0.000559,0.000591 
"06","03761","05600",-118.341515,33.840712,125222,0.998987,0.861248 
"06","03768","05600",-118.361622,33.802684,20088,0.180236,0.138161 
"06","03763","05701",-118.184893,33.851018,141698,0.993535,1 
"06","03766","05702",-118.19549,33.787963,102125,0.999158,0.532681 
"06","03769","05702",-118.168208,33.778325,89594,0.890021,0.467319 
"06","03765","05703",-118.124455,33.79251,128664,0.989015,0.999526 
"06","03769","05703",-118.155811,33.796783,61,0.000606,0.000474 
"06","03713","05800",-117.878725,34.037338,13747,0.125353,0.129399 
"06","03715","05800",-117.920713,34.057077,88935,0.74044,0.837138 
"06","03716","05800",-117.940147,34.049258,3555,0.032215,0.033463 
"06","03753","05900",-118.132627,33.937242,110192,0.999582,0.98627 
"06","03755","05900",-118.097323,33.933452,1534,0.012656,0.01373 
"06","03754","06000",-118.066199,33.930157,45,0.000331,0.000426 
"06","03755","06000",-118.083249,33.905686,105549,0.870837,0.999574 
"06","02905","06101",-118.872424,34.808927,17,0.000091,0.000092 
"06","03701","06101",-118.345179,34.495905,121573,0.869615,0.661298 
"06","03702","06101",-118.496417,34.433029,35568,0.189089,0.193473 
"06","03703","06101",-118.231119,34.678709,12691,0.077558,0.069033 
"06","03704","06101",-118.161513,34.600006,12751,0.077623,0.069359 
"06","03707","06101",-118.390945,34.292854,1178,0.007803,0.006408 
"06","03708","06101",-118.364453,34.284267,4,0.000029,0.000022 
"06","03709","06101",-117.96508,34.189253,4,0.000036,0.000022 
"06","03711","06101",-117.78352,34.160079,11,0.000067,0.00006 
"06","07104","06101",-117.654601,34.328419,43,0.00039,0.000234 
"06","03709","06102",-118.145084,34.19398,104373,0.947106,0.724249 
"06","03710","06102",-117.998628,34.128857,22843,0.131254,0.158509 
"06","03717","06102",-118.009699,34.142339,16158,0.085448,0.112121 
"06","03718","06102",-118.104364,34.168479,738,0.005461,0.005121 
"06","03718","06103",-118.127997,34.118618,5,0.000037,0.000046 
"06","03736","06103",-118.13987,34.091385,108705,0.947427,0.999669 
"06","03737","06103",-118.15087,34.061725,31,0.000241,0.000285 
"06","03717","06104",-118.067291,34.114427,171740,0.908206,0.959688 
"06","03718","06104",-118.102347,34.13941,2036,0.015067,0.011377 
"06","03737","06104",-118.09909,34.074364,5162,0.040187,0.028845 
"06","03738","06104",-117.997157,34.091119,16,0.000122,0.000089 
"06","03710","06105",-117.941451,34.110105,151189,0.868717,0.936874 
"06","03713","06105",-117.936469,34.091692,81,0.000739,0.000502 
"06","03715","06105",-117.951405,34.084196,5205,0.043335,0.032254 
"06","03716","06105",-117.982124,34.065384,4901,0.044413,0.03037 
"06","03711","06106",-117.800543,34.114914,162572,0.991649,0.998734 
"06","03712","06106",-117.738543,34.10497,206,0.001402,0.001266 
"06","03711","06107",-117.843288,34.078224,6,0.000037,0.000051 
"06","03713","06107",-117.879951,34.070437,95302,0.86902,0.813691 
"06","03715","06107",-117.907492,34.021161,21815,0.181624,0.186257 
"06","03714","06108",-117.857821,33.990857,108590,0.99507,0.999319 
"06","03739","06108",-117.932183,33.98451,74,0.000444,0.000681 
"06","03715","06109",-117.925211,34.049002,4156,0.034601,0.033192 
"06","03716","06109",-117.962852,34.039588,101895,0.923371,0.813786 
"06","03738","06109",-118.047707,34.05141,19160,0.145813,0.153022 
"06","03739","06110",-118.013075,33.979552,166409,0.999555,0.981659 
"06","03754","06110",-118.068648,33.967423,3109,0.02286,0.01834 
"06","03740","06111",-118.100769,34.001391,128101,0.995903,0.99957 
"06","03743","06111",-118.128706,34.013787,55,0.000444,0.000429 
"06","03737","06112",-118.107745,34.059983,122756,0.955686,1 
"06","03741","06113",-118.174296,33.975588,141357,0.985121,0.999674 
"06","03753","06113",-118.134863,33.969895,46,0.000417,0.000325 
"06","03741","06114",-118.191102,33.984897,1922,0.013394,0.01397 
"06","03742","06114",-118.230923,33.973307,131781,1,0.957843 
"06","03752","06114",-118.227373,33.963365,3878,0.022631,0.028187 
"06","03741","06115",-118.172626,33.957092,200,0.001394,0.001194 
"06","03752","06115",-118.202082,33.936577,167279,0.976202,0.998561 
"06","03756","06115",-118.170197,33.913777,41,0.000349,0.000245 
"06","03755","06116",-118.116936,33.899284,13353,0.11017,0.102031 
"06","03756","06116",-118.14575,33.890179,117314,0.999599,0.896402 
"06","03763","06116",-118.187543,33.881857,2,0.000014,0.000015 
"06","03764","06116",-118.120006,33.868499,203,0.001276,0.001551 
"06","03754","06117",-118.026077,33.924558,132846,0.976809,0.998039 
"06","03755","06117",-118.081876,33.933599,222,0.001832,0.001668 
"06","05906","06117",-117.976328,33.926142,39,0.00022,0.000293 
"06","03755","06118",-118.093709,33.879454,546,0.004505,0.003375 
"06","03756","06118",-118.107701,33.872818,6,0.000051,0.000037 
"06","03763","06118",-118.165431,33.851023,878,0.006156,0.005427 
"06","03764","06118",-118.092968,33.853664,158911,0.998712,0.982266 
"06","03765","06118",-118.112324,33.827754,1426,0.010961,0.008814 
"06","05908","06118",-118.063198,33.830911,13,0.000073,0.00008 
"06","03752","06119",-118.208176,33.914148,200,0.001167,0.001275 
"06","03757","06119",-118.229483,33.900694,156629,1,0.998724 
"06","03762","06120",-118.267494,33.832494,112822,1,0.999513 
"06","03763","06120",-118.223623,33.824824,42,0.000294,0.000372 
"06","03767","06120",-118.264525,33.801359,13,0.000073,0.000115 
"06","03765","06121",-118.150717,33.790849,3,0.000023,0.000029 
"06","03766","06121",-118.184804,33.806644,86,0.000841,0.000823 
"06","03767","06121",-118.300838,33.740078,2048,0.011551,0.019596 
"06","03768","06121",-118.356741,33.755868,91364,0.819746,0.874204 
"06","03769","06121",-118.167561,33.799146,11010,0.109373,0.105348 
"06","03760","06122",-118.390111,33.874255,138043,1,0.999985 
"06","03768","06122",-118.379082,33.816311,2,0.000018,0.000014 
"06","03758","06123",-118.317076,33.905339,142878,0.928201,0.999993 
"06","03767","06123",-118.298132,33.856272,1,6E-6,7E-6 
"06","03749","06124",-118.360314,33.943078,4979,0.043793,0.042434 
"06","03758","06124",-118.351239,33.902175,45,0.000292,0.000384 
"06","03759","06124",-118.3497,33.918316,112310,0.993981,0.957182 
"06","03727","06125",-118.433923,34.086366,19,0.000126,0.000085 
"06","03728","06125",-118.483366,34.022574,89736,0.875379,0.400931 
"06","03730","06125",-118.357854,34.075902,3,0.000018,0.000013 
"06","03731","06125",-118.383056,34.0802,68484,0.631777,0.305979 
"06","03748","06125",-118.395015,33.997358,65577,0.368897,0.292991 
"06","03705","06126",-118.649079,34.238674,1604,0.009609,0.014364 
"06","03707","06126",-118.43791,34.289159,23645,0.156624,0.211748 
"06","03725","06126",-118.661568,34.193316,782,0.004642,0.007003 
"06","03726","06126",-118.720786,34.118058,85635,0.843669,0.766885 
"06","11103","06200",-119.182784,34.190106,166423,0.851765,0.869263 
"06","11104","06200",-119.19109,34.223284,8490,0.071122,0.044345 
"06","11105","06200",-119.159503,34.226966,2080,0.017376,0.010864 
"06","11106","06200",-119.152188,34.169264,14460,0.115175,0.075528 
"06","11104","06300",-119.226751,34.275886,104557,0.875892,0.999818 
"06","11105","06300",-119.311286,34.286634,19,0.000159,0.000182 
"06","11101","06400",-118.741762,34.268563,111216,0.982222,0.901096 
"06","11102","06400",-118.634315,34.266078,2,0.000013,0.000016 
"06","11105","06400",-118.724279,34.292137,12205,0.101956,0.098888 
"06","11102","06500",-118.88043,34.191068,126633,0.843798,0.999952 
"06","11106","06500",-118.856886,34.134486,6,0.000048,0.000047 
"06","08303","06601",-119.476613,34.374938,3,0.000015,0.000022 
"06","11103","06601",-119.200544,34.170347,28963,0.148235,0.215017 
"06","11104","06601",-119.170742,34.263625,6325,0.052986,0.046956 
"06","11105","06601",-119.109717,34.373821,96603,0.806988,0.717166 
"06","11106","06601",-119.111772,34.114556,2807,0.022358,0.020839 
"06","11101","06602",-118.707852,34.259181,2013,0.017778,0.014123 
"06","11102","06602",-118.802977,34.185561,23440,0.156188,0.164458 
"06","11105","06602",-118.830676,34.298823,8801,0.073521,0.061749 
"06","11106","06602",-118.985522,34.237937,108275,0.862419,0.75967 
"06","08301","06701",-120.434621,34.930594,121676,1,0.548762 
"06","08302","06701",-120.385789,34.71318,100052,0.975631,0.451237 
"06","08302","06702",-119.927735,34.449718,2499,0.024368,0.012361 
"06","08303","06702",-119.741148,34.427061,199665,0.999985,0.987638 
"06","05908","06801",-118.000015,33.833636,2651,0.014898,0.013755 
"06","05909","06801",-117.960778,33.821027,123360,0.843908,0.640086 
"06","05910","06801",-117.931347,33.838247,55829,0.292966,0.289684 
"06","05912","06801",-117.991213,33.815623,6071,0.036374,0.031501 
"06","05913","06801",-117.918296,33.793557,4813,0.030103,0.024974 
"06","05905","06802",-117.732692,33.854882,10563,0.053495,0.074163 
"06","05906","06802",-117.802286,33.867187,5250,0.02966,0.03686 
"06","05907","06802",-117.880977,33.858685,5652,0.029807,0.039683 
"06","05910","06802",-117.854891,33.841451,119056,0.624753,0.835897 
"06","05911","06802",-117.829365,33.843489,1908,0.013834,0.013396 
"06","05903","06900",-117.885118,33.667788,322,0.00162,0.002935 
"06","05904","06900",-117.870318,33.682302,2,0.00001,0.000018 
"06","05918","06900",-117.914942,33.661355,109393,0.616448,0.997047 
"06","05906","07000",-117.910524,33.905085,842,0.004757,0.006267 
"06","05907","07000",-117.928004,33.879609,133362,0.703315,0.992675 
"06","05910","07000",-117.974934,33.855652,142,0.000745,0.001057 
"06","05909","07100",-117.938205,33.799292,942,0.006444,0.005491 
"06","05912","07100",-118.020276,33.781893,19211,0.115101,0.111989 
"06","05913","07100",-117.945125,33.777352,146292,0.914971,0.8528 
"06","05916","07100",-117.922739,33.750128,5098,0.033624,0.029718 
"06","05912","07200",-118.003254,33.73927,4445,0.026632,0.023418 
"06","05914","07200",-117.999838,33.6938,185365,0.974359,0.976582 
"06","05903","07300",-117.791046,33.639267,11715,0.058935,0.05892 
"06","05904","07300",-117.802034,33.679068,166961,0.833971,0.839725 
"06","05905","07300",-117.767429,33.731163,20152,0.102058,0.101354 
"06","05905","07400",-117.782896,33.822377,5001,0.025327,0.036856 
"06","05910","07400",-117.86954,33.792288,15529,0.081489,0.114443 
"06","05911","07400",-117.830755,33.801856,113884,0.825701,0.839283 
"06","05913","07400",-117.90193,33.790152,1278,0.007993,0.009418 
"06","05913","07501",-117.911507,33.761703,7012,0.043856,0.046232 
"06","05916","07501",-117.905787,33.737204,144657,0.954076,0.953767 
"06","05905","07502",-117.838083,33.753284,6793,0.034402,0.039298 
"06","05911","07502",-117.850975,33.774551,1540,0.011166,0.008909 
"06","05917","07502",-117.867454,33.737918,164526,0.998301,0.951793 
"06","05901","07601",-117.669344,33.487337,174237,0.980556,1 
"06","05902","07602",-117.651077,33.610936,105909,1,0.514238 
"06","05915","07602",-117.60593,33.587427,100044,1,0.485761 
"06","05904","07603",-117.760174,33.685755,33207,0.165869,0.158865 
"06","05905","07603",-117.747674,33.702236,154948,0.784718,0.741282 
"06","05911","07603",-117.799728,33.793027,20592,0.1493,0.098514 
"06","05917","07603",-117.834982,33.742529,280,0.001699,0.00134 
"06","05906","07604",-117.863306,33.908759,170876,0.965363,0.778131 
"06","05907","07604",-117.883595,33.885864,48713,0.256899,0.221828 
"06","05910","07604",-117.821845,33.864407,9,0.000047,0.000041 
"06","03764","07605",-118.050474,33.85161,2,0.000013,0.00001 
"06","05907","07605",-117.975857,33.861366,1892,0.009978,0.009831 
"06","05908","07605",-118.0363,33.827547,175279,0.985029,0.910777 
"06","05909","07605",-118.008493,33.826623,9984,0.068301,0.051878 
"06","05912","07605",-118.023101,33.793678,3681,0.022054,0.019127 
"06","05914","07605",-118.07127,33.719413,1612,0.008473,0.008376 
"06","05909","07606",-117.966588,33.813185,11891,0.081347,0.058192 
"06","05912","07606",-117.990183,33.765695,133497,0.799838,0.653311 
"06","05913","07606",-117.965993,33.759412,492,0.003077,0.002408 
"06","05914","07606",-118.034767,33.75669,3266,0.017168,0.015983 
"06","05916","07606",-117.93251,33.732977,1865,0.0123,0.009127 
"06","05918","07606",-117.952725,33.709883,53328,0.300512,0.260978 
"06","05901","07607",-117.739212,33.498122,3455,0.019444,0.016857 
"06","05903","07607",-117.784822,33.595015,186740,0.939445,0.9111 
"06","05904","07607",-117.864985,33.661758,30,0.00015,0.000146 
"06","05918","07607",-117.930963,33.627855,14736,0.08304,0.071897 
"06","06512","07700",-117.544497,33.851427,35751,0.355855,0.240378 
"06","06513","07700",-117.576296,33.871489,112977,0.777666,0.759621 
"06","06510","07801",-117.437799,33.909424,14045,0.095439,0.110384 
"06","06511","07801",-117.469143,33.926567,111825,0.679539,0.878865 
"06","06512","07801",-117.481493,33.887132,1368,0.013617,0.010752 
"06","06510","07802",-117.347401,33.947194,112252,0.762778,0.658442 
"06","06511","07802",-117.395098,33.968268,51989,0.315927,0.304955 
"06","06512","07802",-117.322983,33.909519,6240,0.062111,0.036602 
"06","06508","07900",-117.226463,33.923114,180958,0.992355,0.93714 
"06","06510","07900",-117.270659,33.942838,12138,0.08248,0.06286 
"06","06505","08001",-117.332258,33.679212,96848,0.550545,0.214155 
"06","06508","08001",-117.179274,33.888406,249,0.001365,0.000551 
"06","06509","08001",-117.277903,33.804375,108383,0.919575,0.239661 
"06","06510","08001",-117.322502,33.977795,7930,0.053886,0.017535 
"06","06511","08001",-117.476362,33.902112,746,0.004533,0.00165 
"06","06512","08001",-117.423793,33.869881,57106,0.568417,0.126275 
"06","06513","08001",-117.568333,33.916985,32300,0.222334,0.071423 
"06","06514","08001",-117.503832,33.984619,148672,1,0.32875 
"06","06503","08002",-117.130331,33.507919,127500,1,0.341014 
"06","06504","08002",-117.19298,33.586827,126833,1,0.33923 
"06","06505","08002",-117.183891,33.700068,79065,0.449455,0.211469 
"06","06506","08002",-117.0873,33.607309,40487,0.274209,0.108287 
"06","06506","08003",-116.968727,33.741863,107163,0.725791,0.408039 
"06","06507","08003",-116.961076,33.879055,144045,1,0.548473 
"06","06508","08003",-117.234131,33.994471,1145,0.006279,0.00436 
"06","06509","08003",-117.139293,33.779849,9479,0.080425,0.036093 
"06","06510","08003",-117.297659,33.967483,797,0.005416,0.003035 
"06","06501","08004",-116.12648,33.502866,6,0.000033,0.000025 
"06","06502","08004",-116.502457,33.797139,131017,1,0.553969 
"06","06515","08004",-116.42403,33.818861,105483,0.702681,0.446006 
"06","06501","08005",-115.993972,33.670358,180212,0.999967,0.801497 
"06","06515","08005",-116.293669,33.714372,44632,0.297319,0.198502 
"06","07310","08101",-117.216174,32.722375,87632,0.524259,0.346091 
"06","07316","08101",-117.145092,32.728095,165573,1,0.653909 
"06","07310","08102",-117.132816,32.585709,1,6E-6,7E-6 
"06","07322","08102",-117.065924,32.572773,134914,1,0.999992 
"06","07302","08103",-116.612426,32.893766,38609,0.330837,0.236717 
"06","07307","08103",-116.890764,32.906488,105535,1,0.647049 
"06","07319","08103",-116.870916,32.689848,18958,0.146089,0.116234 
"06","07320","08104",-116.99476,32.637091,135320,1,0.540083 
"06","07321","08104",-117.070483,32.620831,115234,0.663974,0.459917 
"06","07318","08105",-117.064672,32.697038,155805,1,0.727642 
"06","07321","08105",-117.092403,32.67502,58318,0.336026,0.272357 
"06","07319","08106",-116.993531,32.733824,110778,0.853649,1 
"06","07314","08107",-117.039214,32.770565,6,0.00004,0.000037 
"06","07317","08107",-117.09099,32.751358,163023,0.999883,0.999963 
"06","07313","08108",-116.961172,32.811819,175677,1,0.747797 
"06","07314","08108",-117.02281,32.770708,59196,0.399433,0.251977 
"06","07317","08108",-117.050607,32.766086,19,0.000117,0.000081 
"06","07319","08108",-116.937531,32.770512,34,0.000262,0.000145 
"06","07314","08109",-117.07033,32.813175,88998,0.600526,0.370507 
"06","07315","08109",-117.173985,32.802385,151208,1,0.629493 
"06","07310","08110",-117.248803,32.812545,75375,0.450931,0.545792 
"06","07312","08110",-117.218392,32.86481,62727,0.570157,0.454208 
"06","07309","08111",-117.146575,32.983654,533,0.003297,0.003267 
"06","07310","08111",-117.262941,32.957295,4146,0.024803,0.025415 
"06","07311","08111",-117.186202,32.940008,111161,1,0.681426 
"06","07312","08111",-117.130566,32.915313,47290,0.429842,0.289891 
"06","07308","08112",-117.064231,32.970479,124735,1,0.64858 
"06","07309","08112",-117.114697,32.997523,67585,0.418105,0.351419 
"06","07304","08113",-117.286876,33.133433,114712,1,0.551834 
"06","07309","08113",-117.257355,33.043664,93162,0.576333,0.448166 
"06","07302","08114",-117.047426,33.264598,30788,0.263819,0.158848 
"06","07305","08114",-117.121017,33.124621,25563,0.221292,0.13189 
"06","07306","08114",-117.067731,33.127626,137469,1,0.709261 
"06","07301","08115",-117.2453,33.27723,2,0.00001,8E-6 
"06","07302","08115",-117.226591,33.361307,47302,0.405326,0.1987 
"06","07303","08115",-117.237386,33.200208,100433,0.93888,0.421886 
"06","07305","08115",-117.171005,33.143455,89954,0.778708,0.377867 
"06","07309","08115",-117.21303,33.097494,366,0.002264,0.001537 
"06","07301","08116",-117.338264,33.235997,190632,0.999989,0.966831 
"06","07302","08116",-117.260022,33.328082,2,0.000017,0.00001 
"06","07303","08116",-117.255056,33.239504,6538,0.061119,0.033159 
"06","02500","08200",-115.534587,32.841102,174528,1,1 
